z_grid,area,stage,type,sample_id
0.0,1328.0121368725386,HH17,individual,sample_0
12.632496764654746,2666.7061956907314,HH17,individual,sample_0
25.264993529309493,4005.4002545089243,HH17,individual,sample_0
37.89749029396424,5344.094313327117,HH17,individual,sample_0
50.529987058618985,6750.507739517149,HH17,individual,sample_0
63.16248382327373,9082.121408524556,HH17,individual,sample_0
75.79498058792848,11413.735077531961,HH17,individual,sample_0
88.42747735258322,13745.348746539366,HH17,individual,sample_0
101.05997411723797,16164.15129159041,HH17,individual,sample_0
113.69247088189272,19134.958356622403,HH17,individual,sample_0
126.32496764654746,22105.765421654396,HH17,individual,sample_0
138.9574644112022,25076.572486686386,HH17,individual,sample_0
151.58996117585696,28009.902451007398,HH17,individual,sample_0
164.2224579405117,30797.54306665109,HH17,individual,sample_0
176.85495470516645,33585.18368229478,HH17,individual,sample_0
189.4874514698212,36372.82429793848,HH17,individual,sample_0
202.11994823447594,39083.55688687626,HH17,individual,sample_0
214.7524449991307,41589.28595025328,HH17,individual,sample_0
227.38494176378543,44095.0150136303,HH17,individual,sample_0
240.01743852844018,46600.74407700732,HH17,individual,sample_0
252.64993529309493,48940.49122892644,HH17,individual,sample_0
265.2824320577497,50959.4859909675,HH17,individual,sample_0
277.9149288224044,52978.480753008545,HH17,individual,sample_0
290.54742558705914,54997.47551504959,HH17,individual,sample_0
303.1799223517139,56842.87903533059,HH17,individual,sample_0
315.8124191163687,58437.666871076755,HH17,individual,sample_0
328.4449158810234,60032.454706822915,HH17,individual,sample_0
341.0774126456781,61627.242542569074,HH17,individual,sample_0
353.7099094103329,63088.94012974656,HH17,individual,sample_0
366.3424061749877,64404.95581073236,HH17,individual,sample_0
378.9749029396424,65720.97149171816,HH17,individual,sample_0
391.6073997042971,67036.98717270396,HH17,individual,sample_0
404.2398964689519,68181.78935474451,HH17,individual,sample_0
416.87239323360666,69184.00772923308,HH17,individual,sample_0
429.5048899982614,70186.22610372165,HH17,individual,sample_0
442.1373867629161,71188.44447821022,HH17,individual,sample_0
454.76988352757087,72049.92413428948,HH17,individual,sample_0
467.40238029222564,72822.8592855702,HH17,individual,sample_0
480.03487705688036,73595.7944368509,HH17,individual,sample_0
492.6673738215351,74368.72958813162,HH17,individual,sample_0
505.29987058618985,75077.47190051676,HH17,individual,sample_0
517.9323673508446,75756.28578184651,HH17,individual,sample_0
530.5648641154994,76435.09966317625,HH17,individual,sample_0
543.1973608801541,77113.913544506,HH17,individual,sample_0
555.8298576448088,77755.70368327218,HH17,individual,sample_0
568.4623544094636,78385.1673747057,HH17,individual,sample_0
581.0948511741183,79014.63106613925,HH17,individual,sample_0
593.727347938773,79644.09475757278,HH17,individual,sample_0
606.3598447034278,80260.75375528554,HH17,individual,sample_0
618.9923414680826,80874.57195760809,HH17,individual,sample_0
631.6248382327374,81488.39015993064,HH17,individual,sample_0
644.257334997392,82102.20836225318,HH17,individual,sample_0
656.8898317620468,82722.38549183465,HH17,individual,sample_0
669.5223285267016,83343.37571760107,HH17,individual,sample_0
682.1548252913562,83964.36594336749,HH17,individual,sample_0
694.787322056011,84585.35616913391,HH17,individual,sample_0
707.4198188206658,85207.06382655469,HH17,individual,sample_0
720.0523155853206,85828.80542205078,HH17,individual,sample_0
732.6848123499753,86450.54701754687,HH17,individual,sample_0
745.31730911463,87070.32777050624,HH17,individual,sample_0
757.9498058792848,87606.94114743004,HH17,individual,sample_0
770.5823026439396,88143.55452435387,HH17,individual,sample_0
783.2147994085942,88680.16790127769,HH17,individual,sample_0
795.847296173249,89186.15531351838,HH17,individual,sample_0
808.4797929379038,89387.09112080181,HH17,individual,sample_0
821.1122897025585,89588.02692808524,HH17,individual,sample_0
833.7447864672133,89788.96273536867,HH17,individual,sample_0
846.377283231868,89870.13109508941,HH17,individual,sample_0
859.0097799965228,89319.88427695601,HH17,individual,sample_0
871.6422767611775,88769.63745882263,HH17,individual,sample_0
884.2747735258322,88219.39064068925,HH17,individual,sample_0
896.907270290487,87449.4523815798,HH17,individual,sample_0
909.5397670551417,85934.12613771188,HH17,individual,sample_0
922.1722638197965,84418.79989384394,HH17,individual,sample_0
934.8047605844513,82903.473649976,HH17,individual,sample_0
947.437257349106,81040.24042736497,HH17,individual,sample_0
960.0697541137607,78348.92923467234,HH17,individual,sample_0
972.7022508784155,75657.61804197969,HH17,individual,sample_0
985.3347476430702,72966.30684928708,HH17,individual,sample_0
997.9672444077249,69876.83405088057,HH17,individual,sample_0
1010.5997411723797,66091.80846655775,HH17,individual,sample_0
1023.2322379370345,62306.78288223492,HH17,individual,sample_0
1035.8647347016893,58521.757297912096,HH17,individual,sample_0
1048.497231466344,54591.91817935574,HH17,individual,sample_0
1061.1297282309988,50471.86808843966,HH17,individual,sample_0
1073.7622249956535,46351.81799752364,HH17,individual,sample_0
1086.3947217603081,42231.76790660762,HH17,individual,sample_0
1099.027218524963,38233.191805631825,HH17,individual,sample_0
1111.6597152896177,34355.87130979693,HH17,individual,sample_0
1124.2922120542723,30478.550813962036,HH17,individual,sample_0
1136.9247088189272,26601.23031812707,HH17,individual,sample_0
1149.557205583582,23416.04248832577,HH17,individual,sample_0
1162.1897023482366,20755.86801919843,HH17,individual,sample_0
1174.8221991128914,18095.693550071046,HH17,individual,sample_0
1187.454695877546,15435.519080943706,HH17,individual,sample_0
1200.087192642201,13672.021280502462,HH17,individual,sample_0
1212.7196894068557,12419.824350945059,HH17,individual,sample_0
1225.3521861715103,11167.627421387657,HH17,individual,sample_0
1237.9846829361652,9915.43049183023,HH17,individual,sample_0
1250.6171797008199,9388.058785310042,HH17,individual,sample_0
1263.2496764654747,9163.900131838267,HH17,individual,sample_0
1275.8821732301294,8939.741478366494,HH17,individual,sample_0
1288.514669994784,8715.582824894722,HH17,individual,sample_0
1301.147166759439,9312.115533292641,HH17,individual,sample_0
1313.7796635240936,10149.297841894022,HH17,individual,sample_0
1326.4121602887483,10986.480150495403,HH17,individual,sample_0
1339.0446570534032,11823.662459096799,HH17,individual,sample_0
1351.6771538180578,13855.72182493705,HH17,individual,sample_0
1364.3096505827125,16112.90672279198,HH17,individual,sample_0
1376.9421473473674,18370.091620646956,HH17,individual,sample_0
1389.574644112022,20627.276518501887,HH17,individual,sample_0
1402.207140876677,23343.019197079862,HH17,individual,sample_0
1414.8396376413316,26104.300177629484,HH17,individual,sample_0
1427.4721344059863,28865.58115817911,HH17,individual,sample_0
1440.1046311706411,31626.862138728782,HH17,individual,sample_0
1452.7371279352958,33974.21371558189,HH17,individual,sample_0
1465.3696246999507,36312.195875284575,HH17,individual,sample_0
1478.0021214646054,38650.17803498721,HH17,individual,sample_0
1490.63461822926,40924.465151740784,HH17,individual,sample_0
1503.267114993915,41879.815754707786,HH17,individual,sample_0
1515.8996117585696,42835.16635767477,HH17,individual,sample_0
1528.5321085232242,43790.51696064175,HH17,individual,sample_0
1541.164605287879,44536.431382999865,HH17,individual,sample_0
1553.7971020525338,43658.96733931019,HH17,individual,sample_0
1566.4295988171884,42781.50329562052,HH17,individual,sample_0
1579.0620955818433,41904.03925193082,HH17,individual,sample_0
1591.694592346498,40822.2865074121,HH17,individual,sample_0
1604.3270891111529,38825.26369538952,HH17,individual,sample_0
1616.9595858758075,36828.240883366976,HH17,individual,sample_0
1629.5920826404622,34831.218071344425,HH17,individual,sample_0
1642.224579405117,32884.12835450322,HH17,individual,sample_0
1654.8570761697717,31086.30027428605,HH17,individual,sample_0
1667.4895729344266,29288.47219406885,HH17,individual,sample_0
1680.1220696990813,27490.644113851682,HH17,individual,sample_0
1692.754566463736,26065.594537310033,HH17,individual,sample_0
1705.3870632283908,25436.801703265817,HH17,individual,sample_0
1718.0195599930455,24808.008869221612,HH17,individual,sample_0
1730.6520567577002,24179.216035177407,HH17,individual,sample_0
1743.284553522355,23891.863192205175,HH17,individual,sample_0
1755.9170502870097,24145.16346470739,HH17,individual,sample_0
1768.5495470516644,24398.46373720961,HH17,individual,sample_0
1781.1820438163193,24651.764009711835,HH17,individual,sample_0
1793.814540580974,25185.32013598572,HH17,individual,sample_0
1806.4470373456288,26054.18639780241,HH17,individual,sample_0
1819.0795341102835,26923.052659619083,HH17,individual,sample_0
1831.7120308749381,27791.918921435758,HH17,individual,sample_0
1844.344527639593,28825.67424603597,HH17,individual,sample_0
1856.9770244042477,30009.524561879276,HH17,individual,sample_0
1869.6095211689026,31193.374877722603,HH17,individual,sample_0
1882.2420179335572,32377.225193565908,HH17,individual,sample_0
1894.874514698212,33641.77866118352,HH17,individual,sample_0
1907.5070114628668,34962.02418840226,HH17,individual,sample_0
1920.1395082275214,36282.26971562098,HH17,individual,sample_0
1932.772004992176,37602.515242839705,HH17,individual,sample_0
1945.404501756831,39033.25293762684,HH17,individual,sample_0
1958.0369985214857,40520.9391592336,HH17,individual,sample_0
1970.6694952861403,42008.625380840356,HH17,individual,sample_0
1983.3019920507952,43496.31160244714,HH17,individual,sample_0
1995.9344888154499,44997.75230262659,HH17,individual,sample_0
2008.5669855801048,46504.32968670163,HH17,individual,sample_0
2021.1994823447594,48010.90707077665,HH17,individual,sample_0
2033.831979109414,49517.48445485167,HH17,individual,sample_0
2046.464475874069,50950.75106894291,HH17,individual,sample_0
2059.096972638724,52365.26337316201,HH17,individual,sample_0
2071.7294694033785,53779.775677381076,HH17,individual,sample_0
2084.361966168033,55194.28798160015,HH17,individual,sample_0
2096.994462932688,56411.214583557216,HH17,individual,sample_0
2109.6269596973425,57597.170721529284,HH17,individual,sample_0
2122.2594564619976,58783.12685950139,HH17,individual,sample_0
2134.8919532266523,59969.08299747346,HH17,individual,sample_0
2147.524449991307,60553.40454491435,HH17,individual,sample_0
2160.1569467559616,61094.312711284285,HH17,individual,sample_0
2172.7894435206163,61635.220877654225,HH17,individual,sample_0
2185.421940285271,62174.92460979534,HH17,individual,sample_0
2198.054437049926,61377.13231074341,HH17,individual,sample_0
2210.6869338145807,60579.34001169151,HH17,individual,sample_0
2223.3194305792354,59781.547712639614,HH17,individual,sample_0
2235.95192734389,58889.22014781396,HH17,individual,sample_0
2248.5844241085447,56723.373280918546,HH17,individual,sample_0
2261.2169208732,54557.52641402305,HH17,individual,sample_0
2273.8494176378545,52391.67954712763,HH17,individual,sample_0
2286.481914402509,50045.101280176255,HH17,individual,sample_0
2299.114411167164,46562.970187433726,HH17,individual,sample_0
2311.7469079318184,43080.8390946912,HH17,individual,sample_0
2324.379404696473,39598.70800194866,HH17,individual,sample_0
2337.011901461128,35732.058614049856,HH17,individual,sample_0
2349.644398225783,30378.851466211912,HH17,individual,sample_0
2362.2768949904375,25025.64431837397,HH17,individual,sample_0
2374.909391755092,19672.437170536028,HH17,individual,sample_0
2387.541888519747,15784.449756266526,HH17,individual,sample_0
2400.174385284402,15784.449756266526,HH17,individual,sample_0
2412.8068820490566,15784.449756266526,HH17,individual,sample_0
2425.4393788137113,15784.449756266526,HH17,individual,sample_0
2438.071875578366,15784.449756266526,HH17,individual,sample_0
2450.7043723430206,15784.449756266526,HH17,individual,sample_0
2463.3368691076757,15784.449756266526,HH17,individual,sample_0
2475.9693658723304,15784.449756266526,HH17,individual,sample_0
2488.601862636985,15784.449756266526,HH17,individual,sample_0
2501.2343594016397,15784.449756266526,HH17,individual,sample_0
2513.8668561662944,15784.449756266526,HH17,individual,sample_0
0.0,6061.12606039199,HH17,individual,sample_1
12.632496764654746,9562.09981660948,HH17,individual,sample_1
25.264993529309493,13063.073572826968,HH17,individual,sample_1
37.89749029396424,16564.047329044457,HH17,individual,sample_1
50.529987058618985,19892.437782877198,HH17,individual,sample_1
63.16248382327373,22364.34594225129,HH17,individual,sample_1
75.79498058792848,24836.254101625378,HH17,individual,sample_1
88.42747735258322,27308.162260999467,HH17,individual,sample_1
101.05997411723797,29572.277718610414,HH17,individual,sample_1
113.69247088189272,31424.681216453377,HH17,individual,sample_1
126.32496764654746,33277.08471429634,HH17,individual,sample_1
138.9574644112022,35129.4882121393,HH17,individual,sample_1
151.58996117585696,36766.35155622582,HH17,individual,sample_1
164.2224579405117,38190.35332206615,HH17,individual,sample_1
176.85495470516645,39614.35508790648,HH17,individual,sample_1
189.4874514698212,41038.35685374681,HH17,individual,sample_1
202.11994823447594,42271.59065920582,HH17,individual,sample_1
214.7524449991307,43411.2185280704,HH17,individual,sample_1
227.38494176378543,44550.846396934976,HH17,individual,sample_1
240.01743852844018,45690.47426579955,HH17,individual,sample_1
252.64993529309493,46679.69554530067,HH17,individual,sample_1
265.2824320577497,47639.956992832755,HH17,individual,sample_1
277.9149288224044,48600.218440364835,HH17,individual,sample_1
290.54742558705914,49559.98364350821,HH17,individual,sample_1
303.1799223517139,50440.87754855106,HH17,individual,sample_1
315.8124191163687,51321.771453593916,HH17,individual,sample_1
328.4449158810234,52202.66535863676,HH17,individual,sample_1
341.0774126456781,53063.05823134855,HH17,individual,sample_1
353.7099094103329,53826.10385489718,HH17,individual,sample_1
366.3424061749877,54589.1494784458,HH17,individual,sample_1
378.9749029396424,55352.19510199442,HH17,individual,sample_1
391.6073997042971,56091.69596447528,HH17,individual,sample_1
404.2398964689519,56785.8307605499,HH17,individual,sample_1
416.87239323360666,57479.96555662452,HH17,individual,sample_1
429.5048899982614,58174.10035269913,HH17,individual,sample_1
442.1373867629161,58794.38937645394,HH17,individual,sample_1
454.76988352757087,59343.55193815991,HH17,individual,sample_1
467.40238029222564,59892.71449986588,HH17,individual,sample_1
480.03487705688036,60441.87706157184,HH17,individual,sample_1
492.6673738215351,60876.41847129027,HH17,individual,sample_1
505.29987058618985,61256.29544413328,HH17,individual,sample_1
517.9323673508446,61636.17241697628,HH17,individual,sample_1
530.5648641154994,62016.04938981929,HH17,individual,sample_1
543.1973608801541,62296.08844346722,HH17,individual,sample_1
555.8298576448088,62557.78553282834,HH17,individual,sample_1
568.4623544094636,62819.482622189455,HH17,individual,sample_1
581.0948511741183,63080.50667848304,HH17,individual,sample_1
593.727347938773,63288.38252391791,HH17,individual,sample_1
606.3598447034278,63496.25836935278,HH17,individual,sample_1
618.9923414680826,63704.13421478764,HH17,individual,sample_1
631.6248382327374,63963.703101493615,HH17,individual,sample_1
644.257334997392,64458.42193442733,HH17,individual,sample_1
656.8898317620468,64953.140767361045,HH17,individual,sample_1
669.5223285267016,65447.85960029476,HH17,individual,sample_1
682.1548252913562,66108.7837394413,HH17,individual,sample_1
694.787322056011,67081.2104603512,HH17,individual,sample_1
707.4198188206658,68053.63718126107,HH17,individual,sample_1
720.0523155853206,69026.06390217095,HH17,individual,sample_1
732.6848123499753,70028.39158975003,HH17,individual,sample_1
745.31730911463,71058.80736544973,HH17,individual,sample_1
757.9498058792848,72089.22314114944,HH17,individual,sample_1
770.5823026439396,73119.63891684914,HH17,individual,sample_1
783.2147994085942,73900.28442772357,HH17,individual,sample_1
795.847296173249,74565.1862876529,HH17,individual,sample_1
808.4797929379038,75230.08814758224,HH17,individual,sample_1
821.1122897025585,75894.99000751156,HH17,individual,sample_1
833.7447864672133,75966.80606096644,HH17,individual,sample_1
846.377283231868,75934.81971607867,HH17,individual,sample_1
859.0097799965228,75902.83337119089,HH17,individual,sample_1
871.6422767611775,75855.99024640788,HH17,individual,sample_1
884.2747735258322,75031.95725648529,HH17,individual,sample_1
896.907270290487,74207.92426656271,HH17,individual,sample_1
909.5397670551417,73383.89127664012,HH17,individual,sample_1
922.1722638197965,72423.92392820385,HH17,individual,sample_1
934.8047605844513,70870.88827659267,HH17,individual,sample_1
947.437257349106,69317.8526249815,HH17,individual,sample_1
960.0697541137607,67764.81697337033,HH17,individual,sample_1
972.7022508784155,65977.37565535738,HH17,individual,sample_1
985.3347476430702,63762.504191103035,HH17,individual,sample_1
997.9672444077249,61547.63272684867,HH17,individual,sample_1
1010.5997411723797,59332.761262594315,HH17,individual,sample_1
1023.2322379370345,56749.5835566742,HH17,individual,sample_1
1035.8647347016893,53828.98734414063,HH17,individual,sample_1
1048.497231466344,50908.391131607095,HH17,individual,sample_1
1061.1297282309988,47987.794919073494,HH17,individual,sample_1
1073.7622249956535,45126.31009659955,HH17,individual,sample_1
1086.3947217603081,42291.43319611725,HH17,individual,sample_1
1099.027218524963,39456.5562956349,HH17,individual,sample_1
1111.6597152896177,36621.679395152605,HH17,individual,sample_1
1124.2922120542723,34299.63118441848,HH17,individual,sample_1
1136.9247088189272,32062.943920976475,HH17,individual,sample_1
1149.557205583582,29826.256657534504,HH17,individual,sample_1
1162.1897023482366,27614.539385929966,HH17,individual,sample_1
1174.8221991128914,26376.254791210446,HH17,individual,sample_1
1187.454695877546,25137.970196490947,HH17,individual,sample_1
1200.087192642201,23899.685601771427,HH17,individual,sample_1
1212.7196894068557,22917.305145478498,HH17,individual,sample_1
1225.3521861715103,23006.884186430252,HH17,individual,sample_1
1237.9846829361652,23096.46322738201,HH17,individual,sample_1
1250.6171797008199,23186.042268333764,HH17,individual,sample_1
1263.2496764654747,23795.682863607908,HH17,individual,sample_1
1275.8821732301294,25328.164143013517,HH17,individual,sample_1
1288.514669994784,26860.64542241913,HH17,individual,sample_1
1301.147166759439,28393.126701824767,HH17,individual,sample_1
1313.7796635240936,30518.038613447392,HH17,individual,sample_1
1326.4121602887483,33172.258282661285,HH17,individual,sample_1
1339.0446570534032,35826.477951875226,HH17,individual,sample_1
1351.6771538180578,38480.69762108912,HH17,individual,sample_1
1364.3096505827125,41499.939393627166,HH17,individual,sample_1
1376.9421473473674,44678.732982942995,HH17,individual,sample_1
1389.574644112022,47857.52657225876,HH17,individual,sample_1
1402.207140876677,51036.32016157458,HH17,individual,sample_1
1414.8396376413316,53931.14198982835,HH17,individual,sample_1
1427.4721344059863,56781.09468822535,HH17,individual,sample_1
1440.1046311706411,59631.047386622406,HH17,individual,sample_1
1452.7371279352958,62435.225439606744,HH17,individual,sample_1
1465.3696246999507,63820.971711749735,HH17,individual,sample_1
1478.0021214646054,65206.7179838927,HH17,individual,sample_1
1490.63461822926,66592.46425603566,HH17,individual,sample_1
1503.267114993915,67613.28320924133,HH17,individual,sample_1
1515.8996117585696,67164.95818358366,HH17,individual,sample_1
1528.5321085232242,66716.63315792597,HH17,individual,sample_1
1541.164605287879,66268.30813226828,HH17,individual,sample_1
1553.7971020525338,65282.91809990521,HH17,individual,sample_1
1566.4295988171884,63369.923275160734,HH17,individual,sample_1
1579.0620955818433,61456.92845041621,HH17,individual,sample_1
1591.694592346498,59543.93362567173,HH17,individual,sample_1
1604.3270891111529,57657.93296059711,HH17,individual,sample_1
1616.9595858758075,55795.4522302604,HH17,individual,sample_1
1629.5920826404622,53932.971499923704,HH17,individual,sample_1
1642.224579405117,52070.49076958697,HH17,individual,sample_1
1654.8570761697717,51412.50625445303,HH17,individual,sample_1
1667.4895729344266,51265.594029344575,HH17,individual,sample_1
1680.1220696990813,51118.68180423612,HH17,individual,sample_1
1692.754566463736,50971.769579127664,HH17,individual,sample_1
1705.3870632283908,51906.3069837919,HH17,individual,sample_1
1718.0195599930455,53002.717322476325,HH17,individual,sample_1
1730.6520567577002,54099.127661160746,HH17,individual,sample_1
1743.284553522355,55215.62881468675,HH17,individual,sample_1
1755.9170502870097,56847.58126288222,HH17,individual,sample_1
1768.5495470516644,58479.53371107768,HH17,individual,sample_1
1781.1820438163193,60111.48615927318,HH17,individual,sample_1
1793.814540580974,61823.475791063494,HH17,individual,sample_1
1806.4470373456288,63845.42802763397,HH17,individual,sample_1
1819.0795341102835,65867.38026420442,HH17,individual,sample_1
1831.7120308749381,67889.33250077485,HH17,individual,sample_1
1844.344527639593,69798.86597816812,HH17,individual,sample_1
1856.9770244042477,71519.37281285487,HH17,individual,sample_1
1869.6095211689026,73239.87964754165,HH17,individual,sample_1
1882.2420179335572,74960.38648222841,HH17,individual,sample_1
1894.874514698212,76344.10183023637,HH17,individual,sample_1
1907.5070114628668,77441.66036712761,HH17,individual,sample_1
1920.1395082275214,78539.21890401884,HH17,individual,sample_1
1932.772004992176,79636.77744091007,HH17,individual,sample_1
1945.404501756831,80810.63648316023,HH17,individual,sample_1
1958.0369985214857,82015.9108610217,HH17,individual,sample_1
1970.6694952861403,83221.18523888315,HH17,individual,sample_1
1983.3019920507952,84426.45961674463,HH17,individual,sample_1
1995.9344888154499,86205.36951677044,HH17,individual,sample_1
2008.5669855801048,88065.43512657113,HH17,individual,sample_1
2021.1994823447594,89925.50073637177,HH17,individual,sample_1
2033.831979109414,91804.86616606821,HH17,individual,sample_1
2046.464475874069,94105.89517168686,HH17,individual,sample_1
2059.096972638724,96406.92417730553,HH17,individual,sample_1
2071.7294694033785,98707.95318292415,HH17,individual,sample_1
2084.361966168033,100830.36184605908,HH17,individual,sample_1
2096.994462932688,102286.7549562941,HH17,individual,sample_1
2109.6269596973425,103743.14806652913,HH17,individual,sample_1
2122.2594564619976,105199.5411767642,HH17,individual,sample_1
2134.8919532266523,105990.3047020873,HH17,individual,sample_1
2147.524449991307,105691.27559151952,HH17,individual,sample_1
2160.1569467559616,105392.24648095174,HH17,individual,sample_1
2172.7894435206163,105093.21737038395,HH17,individual,sample_1
2185.421940285271,103591.82231379328,HH17,individual,sample_1
2198.054437049926,101094.25612131048,HH17,individual,sample_1
2210.6869338145807,98596.68992882776,HH17,individual,sample_1
2223.3194305792354,96099.12373634505,HH17,individual,sample_1
2235.95192734389,91785.56923659549,HH17,individual,sample_1
2248.5844241085447,86746.74605907801,HH17,individual,sample_1
2261.2169208732,81707.92288156034,HH17,individual,sample_1
2273.8494176378545,76669.09970404285,HH17,individual,sample_1
2286.481914402509,66022.42192340827,HH17,individual,sample_1
2299.114411167164,54627.72904854273,HH17,individual,sample_1
2311.7469079318184,43233.03617367719,HH17,individual,sample_1
2324.379404696473,32408.30449180294,HH17,individual,sample_1
2337.011901461128,32408.30449180294,HH17,individual,sample_1
2349.644398225783,32408.30449180294,HH17,individual,sample_1
2362.2768949904375,32408.30449180294,HH17,individual,sample_1
2374.909391755092,32408.30449180294,HH17,individual,sample_1
2387.541888519747,32408.30449180294,HH17,individual,sample_1
2400.174385284402,32408.30449180294,HH17,individual,sample_1
2412.8068820490566,32408.30449180294,HH17,individual,sample_1
2425.4393788137113,32408.30449180294,HH17,individual,sample_1
2438.071875578366,32408.30449180294,HH17,individual,sample_1
2450.7043723430206,32408.30449180294,HH17,individual,sample_1
2463.3368691076757,32408.30449180294,HH17,individual,sample_1
2475.9693658723304,32408.30449180294,HH17,individual,sample_1
2488.601862636985,32408.30449180294,HH17,individual,sample_1
2501.2343594016397,32408.30449180294,HH17,individual,sample_1
2513.8668561662944,32408.30449180294,HH17,individual,sample_1
0.0,4239.455490535451,HH17,individual,sample_2
12.632496764654746,5724.326311663033,HH17,individual,sample_2
25.264993529309493,7209.197132790616,HH17,individual,sample_2
37.89749029396424,8694.067953918198,HH17,individual,sample_2
50.529987058618985,10178.938775045779,HH17,individual,sample_2
63.16248382327373,11035.789623309081,HH17,individual,sample_2
75.79498058792848,11865.860464692301,HH17,individual,sample_2
88.42747735258322,12695.93130607552,HH17,individual,sample_2
101.05997411723797,13526.002147458737,HH17,individual,sample_2
113.69247088189272,13954.277988799513,HH17,individual,sample_2
126.32496764654746,14346.760890634325,HH17,individual,sample_2
138.9574644112022,14739.243792469135,HH17,individual,sample_2
151.58996117585696,15131.726694303947,HH17,individual,sample_2
164.2224579405117,15353.112689749598,HH17,individual,sample_2
176.85495470516645,15550.570248107613,HH17,individual,sample_2
189.4874514698212,15748.027806465629,HH17,individual,sample_2
202.11994823447594,15945.485364823642,HH17,individual,sample_2
214.7524449991307,16195.529445381399,HH17,individual,sample_2
227.38494176378543,16455.8588571483,HH17,individual,sample_2
240.01743852844018,16716.188268915208,HH17,individual,sample_2
252.64993529309493,16976.51768068211,HH17,individual,sample_2
265.2824320577497,17384.899510630778,HH17,individual,sample_2
277.9149288224044,17831.33898305916,HH17,individual,sample_2
290.54742558705914,18277.77845548754,HH17,individual,sample_2
303.1799223517139,18724.217927915925,HH17,individual,sample_2
315.8124191163687,19309.56499258876,HH17,individual,sample_2
328.4449158810234,19940.08262399768,HH17,individual,sample_2
341.0774126456781,20570.600255406604,HH17,individual,sample_2
353.7099094103329,21201.11788681553,HH17,individual,sample_2
366.3424061749877,21932.745533103604,HH17,individual,sample_2
378.9749029396424,22704.930570228207,HH17,individual,sample_2
391.6073997042971,23477.115607352815,HH17,individual,sample_2
404.2398964689519,24249.300644477426,HH17,individual,sample_2
416.87239323360666,25109.014525448118,HH17,individual,sample_2
429.5048899982614,26011.292841519986,HH17,individual,sample_2
442.1373867629161,26913.571157591854,HH17,individual,sample_2
454.76988352757087,27815.84947366373,HH17,individual,sample_2
467.40238029222564,28817.281474429292,HH17,individual,sample_2
480.03487705688036,29876.468881378507,HH17,individual,sample_2
492.6673738215351,30935.656288327722,HH17,individual,sample_2
505.29987058618985,31994.843695276944,HH17,individual,sample_2
517.9323673508446,33099.45872778915,HH17,individual,sample_2
530.5648641154994,34235.5092229648,HH17,individual,sample_2
543.1973608801541,35371.559718140445,HH17,individual,sample_2
555.8298576448088,36507.610213316104,HH17,individual,sample_2
568.4623544094636,37530.04399156245,HH17,individual,sample_2
581.0948511741183,38459.56446686772,HH17,individual,sample_2
593.727347938773,39389.084942172994,HH17,individual,sample_2
606.3598447034278,40318.60541747827,HH17,individual,sample_2
618.9923414680826,41041.34765901277,HH17,individual,sample_2
631.6248382327374,41564.802800120146,HH17,individual,sample_2
644.257334997392,42088.25794122751,HH17,individual,sample_2
656.8898317620468,42611.71308233488,HH17,individual,sample_2
669.5223285267016,42979.410396573716,HH17,individual,sample_2
682.1548252913562,43170.281378149564,HH17,individual,sample_2
694.787322056011,43361.15235972542,HH17,individual,sample_2
707.4198188206658,43552.023341301276,HH17,individual,sample_2
720.0523155853206,43570.60867075123,HH17,individual,sample_2
732.6848123499753,43358.40444684079,HH17,individual,sample_2
745.31730911463,43146.20022293035,HH17,individual,sample_2
757.9498058792848,42933.995999019906,HH17,individual,sample_2
770.5823026439396,42595.856220992486,HH17,individual,sample_2
783.2147994085942,42057.841493295244,HH17,individual,sample_2
795.847296173249,41519.82676559799,HH17,individual,sample_2
808.4797929379038,40981.81203790073,HH17,individual,sample_2
821.1122897025585,40404.01576811748,HH17,individual,sample_2
833.7447864672133,39750.90309081955,HH17,individual,sample_2
846.377283231868,39097.790413521616,HH17,individual,sample_2
859.0097799965228,38444.677736223675,HH17,individual,sample_2
871.6422767611775,37777.95720774931,HH17,individual,sample_2
884.2747735258322,37080.18969030857,HH17,individual,sample_2
896.907270290487,36382.42217286784,HH17,individual,sample_2
909.5397670551417,35684.6546554271,HH17,individual,sample_2
922.1722638197965,34986.96906018131,HH17,individual,sample_2
934.8047605844513,34289.51204688699,HH17,individual,sample_2
947.437257349106,33592.05503359269,HH17,individual,sample_2
960.0697541137607,32894.59802029837,HH17,individual,sample_2
972.7022508784155,32226.682683329887,HH17,individual,sample_2
985.3347476430702,31661.736350031882,HH17,individual,sample_2
997.9672444077249,31096.79001673387,HH17,individual,sample_2
1010.5997411723797,30531.84368343586,HH17,individual,sample_2
1023.2322379370345,30025.50034110487,HH17,individual,sample_2
1035.8647347016893,29782.477565828267,HH17,individual,sample_2
1048.497231466344,29539.45479055166,HH17,individual,sample_2
1061.1297282309988,29296.43201527505,HH17,individual,sample_2
1073.7622249956535,29134.12617082961,HH17,individual,sample_2
1086.3947217603081,29462.987607671483,HH17,individual,sample_2
1099.027218524963,29791.849044513358,HH17,individual,sample_2
1111.6597152896177,30120.71048135523,HH17,individual,sample_2
1124.2922120542723,30534.703566123866,HH17,individual,sample_2
1136.9247088189272,31712.808559990335,HH17,individual,sample_2
1149.557205583582,32890.91355385678,HH17,individual,sample_2
1162.1897023482366,34069.01854772323,HH17,individual,sample_2
1174.8221991128914,35302.53482022453,HH17,individual,sample_2
1187.454695877546,37414.33695228859,HH17,individual,sample_2
1200.087192642201,39526.13908435269,HH17,individual,sample_2
1212.7196894068557,41637.941216416744,HH17,individual,sample_2
1225.3521861715103,43749.96453003663,HH17,individual,sample_2
1237.9846829361652,45873.756057866034,HH17,individual,sample_2
1250.6171797008199,47997.547585695385,HH17,individual,sample_2
1263.2496764654747,50121.33911352478,HH17,individual,sample_2
1275.8821732301294,52245.13064135414,HH17,individual,sample_2
1288.514669994784,53840.18890740458,HH17,individual,sample_2
1301.147166759439,55423.104565766145,HH17,individual,sample_2
1313.7796635240936,57006.02022412768,HH17,individual,sample_2
1326.4121602887483,58588.93588248921,HH17,individual,sample_2
1339.0446570534032,59578.64843091018,HH17,individual,sample_2
1351.6771538180578,60528.24131597186,HH17,individual,sample_2
1364.3096505827125,61477.834201033555,HH17,individual,sample_2
1376.9421473473674,62427.42708609525,HH17,individual,sample_2
1389.574644112022,62886.87975345916,HH17,individual,sample_2
1402.207140876677,63289.29098265232,HH17,individual,sample_2
1414.8396376413316,63691.70221184547,HH17,individual,sample_2
1427.4721344059863,64094.11344103862,HH17,individual,sample_2
1440.1046311706411,63712.78786946946,HH17,individual,sample_2
1452.7371279352958,63198.3935837623,HH17,individual,sample_2
1465.3696246999507,62683.99929805513,HH17,individual,sample_2
1478.0021214646054,62169.60501234797,HH17,individual,sample_2
1490.63461822926,60760.0874751102,HH17,individual,sample_2
1503.267114993915,59145.97659414617,HH17,individual,sample_2
1515.8996117585696,57531.86571318216,HH17,individual,sample_2
1528.5321085232242,55917.75483221815,HH17,individual,sample_2
1541.164605287879,54169.51570141009,HH17,individual,sample_2
1553.7971020525338,52381.90182139177,HH17,individual,sample_2
1566.4295988171884,50594.287941373455,HH17,individual,sample_2
1579.0620955818433,48806.67406135511,HH17,individual,sample_2
1591.694592346498,47506.92011863373,HH17,individual,sample_2
1604.3270891111529,46385.633980824765,HH17,individual,sample_2
1616.9595858758075,45264.34784301583,HH17,individual,sample_2
1629.5920826404622,44143.061705206885,HH17,individual,sample_2
1642.224579405117,43636.4371049258,HH17,individual,sample_2
1654.8570761697717,43404.33573671344,HH17,individual,sample_2
1667.4895729344266,43172.23436850107,HH17,individual,sample_2
1680.1220696990813,42940.13300028871,HH17,individual,sample_2
1692.754566463736,43141.655494098966,HH17,individual,sample_2
1705.3870632283908,43576.292195809925,HH17,individual,sample_2
1718.0195599930455,44010.928897520884,HH17,individual,sample_2
1730.6520567577002,44445.56559923184,HH17,individual,sample_2
1743.284553522355,45099.351242266086,HH17,individual,sample_2
1755.9170502870097,45893.562016891934,HH17,individual,sample_2
1768.5495470516644,46687.77279151779,HH17,individual,sample_2
1781.1820438163193,47481.98356614365,HH17,individual,sample_2
1793.814540580974,48402.11874581323,HH17,individual,sample_2
1806.4470373456288,49417.80510511862,HH17,individual,sample_2
1819.0795341102835,50433.49146442399,HH17,individual,sample_2
1831.7120308749381,51449.177823729355,HH17,individual,sample_2
1844.344527639593,52451.62732951919,HH17,individual,sample_2
1856.9770244042477,53442.22831419119,HH17,individual,sample_2
1869.6095211689026,54432.8292988632,HH17,individual,sample_2
1882.2420179335572,55423.43028353519,HH17,individual,sample_2
1894.874514698212,56274.691875944874,HH17,individual,sample_2
1907.5070114628668,56979.04226233562,HH17,individual,sample_2
1920.1395082275214,57683.39264872635,HH17,individual,sample_2
1932.772004992176,58387.74303511709,HH17,individual,sample_2
1945.404501756831,58963.70277378012,HH17,individual,sample_2
1958.0369985214857,59380.10179532748,HH17,individual,sample_2
1970.6694952861403,59796.50081687484,HH17,individual,sample_2
1983.3019920507952,60212.89983842221,HH17,individual,sample_2
1995.9344888154499,60763.45367280884,HH17,individual,sample_2
2008.5669855801048,61511.11700929561,HH17,individual,sample_2
2021.1994823447594,62258.78034578236,HH17,individual,sample_2
2033.831979109414,63006.44368226912,HH17,individual,sample_2
2046.464475874069,64020.90377089517,HH17,individual,sample_2
2059.096972638724,65501.363832429364,HH17,individual,sample_2
2071.7294694033785,66981.82389396352,HH17,individual,sample_2
2084.361966168033,68462.2839554977,HH17,individual,sample_2
2096.994462932688,70119.76163084715,HH17,individual,sample_2
2109.6269596973425,72147.95492476245,HH17,individual,sample_2
2122.2594564619976,74176.14821867782,HH17,individual,sample_2
2134.8919532266523,76204.3415125931,HH17,individual,sample_2
2147.524449991307,78282.9863410888,HH17,individual,sample_2
2160.1569467559616,80489.90568297557,HH17,individual,sample_2
2172.7894435206163,82696.82502486234,HH17,individual,sample_2
2185.421940285271,84903.74436674912,HH17,individual,sample_2
2198.054437049926,86934.4956560757,HH17,individual,sample_2
2210.6869338145807,88411.59668386655,HH17,individual,sample_2
2223.3194305792354,89888.6977116574,HH17,individual,sample_2
2235.95192734389,91365.79873944823,HH17,individual,sample_2
2248.5844241085447,92459.91340078873,HH17,individual,sample_2
2261.2169208732,92026.74538024637,HH17,individual,sample_2
2273.8494176378545,91593.57735970402,HH17,individual,sample_2
2286.481914402509,91160.40933916169,HH17,individual,sample_2
2299.114411167164,90361.19653572427,HH17,individual,sample_2
2311.7469079318184,87634.37378342845,HH17,individual,sample_2
2324.379404696473,84907.55103113264,HH17,individual,sample_2
2337.011901461128,82180.72827883672,HH17,individual,sample_2
2349.644398225783,79177.99970598191,HH17,individual,sample_2
2362.2768949904375,74126.62785993863,HH17,individual,sample_2
2374.909391755092,69075.25601389534,HH17,individual,sample_2
2387.541888519747,64023.88416785205,HH17,individual,sample_2
2400.174385284402,58728.38717059497,HH17,individual,sample_2
2412.8068820490566,50538.925690811106,HH17,individual,sample_2
2425.4393788137113,42349.46421102724,HH17,individual,sample_2
2438.071875578366,34160.00273124338,HH17,individual,sample_2
2450.7043723430206,26272.701237998568,HH17,individual,sample_2
2463.3368691076757,26272.701237998568,HH17,individual,sample_2
2475.9693658723304,26272.701237998568,HH17,individual,sample_2
2488.601862636985,26272.701237998568,HH17,individual,sample_2
2501.2343594016397,26272.701237998568,HH17,individual,sample_2
2513.8668561662944,26272.701237998568,HH17,individual,sample_2
0.0,3876.1978959333264,HH17,mean,mean
12.632496764654746,5984.377441321081,HH17,mean,mean
25.264993529309493,8092.556986708837,HH17,mean,mean
37.89749029396424,10200.736532096591,HH17,mean,mean
50.529987058618985,12273.961432480042,HH17,mean,mean
63.16248382327373,14160.752324694977,HH17,mean,mean
75.79498058792848,16038.61654794988,HH17,mean,mean
88.42747735258322,17916.480771204788,HH17,mean,mean
101.05997411723797,19754.143719219854,HH17,mean,mean
113.69247088189272,21504.639187291763,HH17,mean,mean
126.32496764654746,23243.20367552835,HH17,mean,mean
138.9574644112022,24981.76816376494,HH17,mean,mean
151.58996117585696,26635.993567179055,HH17,mean,mean
164.2224579405117,28113.66969282228,HH17,mean,mean
176.85495470516645,29583.369672769626,HH17,mean,mean
189.4874514698212,31053.069652716975,HH17,mean,mean
202.11994823447594,32433.54430363524,HH17,mean,mean
214.7524449991307,33732.011307901696,HH17,mean,mean
227.38494176378543,35033.90675590452,HH17,mean,mean
240.01743852844018,36335.80220390736,HH17,mean,mean
252.64993529309493,37532.23481830307,HH17,mean,mean
265.2824320577497,38661.44749814368,HH17,mean,mean
277.9149288224044,39803.34605881085,HH17,mean,mean
290.54742558705914,40945.07920468178,HH17,mean,mean
303.1799223517139,42002.65817059919,HH17,mean,mean
315.8124191163687,43023.001105753145,HH17,mean,mean
328.4449158810234,44058.400896485786,HH17,mean,mean
341.0774126456781,45086.96700977474,HH17,mean,mean
353.7099094103329,46038.72062381976,HH17,mean,mean
366.3424061749877,46975.616940760585,HH17,mean,mean
378.9749029396424,47926.03238798026,HH17,mean,mean
391.6073997042971,48868.59958151068,HH17,mean,mean
404.2398964689519,49738.97358659061,HH17,mean,mean
416.87239323360666,50590.995937101914,HH17,mean,mean
429.5048899982614,51457.206432646926,HH17,mean,mean
442.1373867629161,52298.801670752,HH17,mean,mean
454.76988352757087,53069.7751820377,HH17,mean,mean
467.40238029222564,53844.28508662179,HH17,mean,mean
480.03487705688036,54638.04679326708,HH17,mean,mean
492.6673738215351,55393.60144924987,HH17,mean,mean
505.29987058618985,56109.53701330899,HH17,mean,mean
517.9323673508446,56830.63897553732,HH17,mean,mean
530.5648641154994,57562.21942532012,HH17,mean,mean
543.1973608801541,58260.52056870456,HH17,mean,mean
555.8298576448088,58940.366476472205,HH17,mean,mean
568.4623544094636,59578.23132948587,HH17,mean,mean
581.0948511741183,60184.90073716334,HH17,mean,mean
593.727347938773,60773.854074554554,HH17,mean,mean
606.3598447034278,61358.53918070553,HH17,mean,mean
618.9923414680826,61873.351277136164,HH17,mean,mean
631.6248382327374,62338.96535384813,HH17,mean,mean
644.257334997392,62882.96274596934,HH17,mean,mean
656.8898317620468,63429.07978051019,HH17,mean,mean
669.5223285267016,63923.548571489846,HH17,mean,mean
682.1548252913562,64414.47702031946,HH17,mean,mean
694.787322056011,65009.23966307018,HH17,mean,mean
707.4198188206658,65604.24144970569,HH17,mean,mean
720.0523155853206,66141.82599832432,HH17,mean,mean
732.6848123499753,66612.44768471256,HH17,mean,mean
745.31730911463,67091.7784529621,HH17,mean,mean
757.9498058792848,67543.38676253313,HH17,mean,mean
770.5823026439396,67953.01655406517,HH17,mean,mean
783.2147994085942,68212.76460743217,HH17,mean,mean
795.847296173249,68423.72278892309,HH17,mean,mean
808.4797929379038,68532.99710209493,HH17,mean,mean
821.1122897025585,68629.01090123809,HH17,mean,mean
833.7447864672133,68502.22396238487,HH17,mean,mean
846.377283231868,68300.91374156323,HH17,mean,mean
859.0097799965228,67889.1317947902,HH17,mean,mean
871.6422767611775,67467.86163765994,HH17,mean,mean
884.2747735258322,66777.1791958277,HH17,mean,mean
896.907270290487,66013.26627367012,HH17,mean,mean
909.5397670551417,65000.89068992636,HH17,mean,mean
922.1722638197965,63943.230960743036,HH17,mean,mean
934.8047605844513,62687.95799115189,HH17,mean,mean
947.437257349106,61316.71602864639,HH17,mean,mean
960.0697541137607,59669.44807611368,HH17,mean,mean
972.7022508784155,57953.892126888975,HH17,mean,mean
985.3347476430702,56130.182463474,HH17,mean,mean
997.9672444077249,54173.752264821036,HH17,mean,mean
1010.5997411723797,51985.471137529305,HH17,mean,mean
1023.2322379370345,49693.955593337996,HH17,mean,mean
1035.8647347016893,47377.74073596033,HH17,mean,mean
1048.497231466344,45013.25470050483,HH17,mean,mean
1061.1297282309988,42585.36500759607,HH17,mean,mean
1073.7622249956535,40204.084754984266,HH17,mean,mean
1086.3947217603081,37995.39623679879,HH17,mean,mean
1099.027218524963,35827.19904859336,HH17,mean,mean
1111.6597152896177,33699.42039543492,HH17,mean,mean
1124.2922120542723,31770.961854834793,HH17,mean,mean
1136.9247088189272,30125.660933031293,HH17,mean,mean
1149.557205583582,28711.070899905684,HH17,mean,mean
1162.1897023482366,27479.80865095054,HH17,mean,mean
1174.8221991128914,26591.49438716867,HH17,mean,mean
1187.454695877546,25995.942076574414,HH17,mean,mean
1200.087192642201,25699.281988875522,HH17,mean,mean
1212.7196894068557,25658.3569042801,HH17,mean,mean
1225.3521861715103,25974.825379284845,HH17,mean,mean
1237.9846829361652,26295.216592359426,HH17,mean,mean
1250.6171797008199,26857.216213113064,HH17,mean,mean
1263.2496764654747,27693.64070299032,HH17,mean,mean
1275.8821732301294,28837.678754244716,HH17,mean,mean
1288.514669994784,29805.47238490614,HH17,mean,mean
1301.147166759439,31042.78226696119,HH17,mean,mean
1313.7796635240936,32557.785559823027,HH17,mean,mean
1326.4121602887483,34249.22477188196,HH17,mean,mean
1339.0446570534032,35742.92961396073,HH17,mean,mean
1351.6771538180578,37621.55358733268,HH17,mean,mean
1364.3096505827125,39696.8934391509,HH17,mean,mean
1376.9421473473674,41825.417229895065,HH17,mean,mean
1389.574644112022,43790.56094807326,HH17,mean,mean
1402.207140876677,45889.54344710225,HH17,mean,mean
1414.8396376413316,47909.048126434434,HH17,mean,mean
1427.4721344059863,49913.59642914769,HH17,mean,mean
1440.1046311706411,51656.899131606886,HH17,mean,mean
1452.7371279352958,53202.61091298365,HH17,mean,mean
1465.3696246999507,54272.38896169648,HH17,mean,mean
1478.0021214646054,55342.16701040929,HH17,mean,mean
1490.63461822926,56092.33896096222,HH17,mean,mean
1503.267114993915,56213.025186031766,HH17,mean,mean
1515.8996117585696,55843.99675148019,HH17,mean,mean
1528.5321085232242,55474.96831692862,HH17,mean,mean
1541.164605287879,54991.418405559416,HH17,mean,mean
1553.7971020525338,53774.59575353572,HH17,mean,mean
1566.4295988171884,52248.571504051564,HH17,mean,mean
1579.0620955818433,50722.547254567384,HH17,mean,mean
1591.694592346498,49291.04675057252,HH17,mean,mean
1604.3270891111529,47622.9435456038,HH17,mean,mean
1616.9595858758075,45962.680318881066,HH17,mean,mean
1629.5920826404622,44302.41709215834,HH17,mean,mean
1642.224579405117,42863.685409672,HH17,mean,mean
1654.8570761697717,41967.71408848417,HH17,mean,mean
1667.4895729344266,41242.10019730483,HH17,mean,mean
1680.1220696990813,40516.4863061255,HH17,mean,mean
1692.754566463736,40059.67320351222,HH17,mean,mean
1705.3870632283908,40306.46696095588,HH17,mean,mean
1718.0195599930455,40607.218363072934,HH17,mean,mean
1730.6520567577002,40907.96976519,HH17,mean,mean
1743.284553522355,41402.28108305267,HH17,mean,mean
1755.9170502870097,42295.43558149385,HH17,mean,mean
1768.5495470516644,43188.59007993503,HH17,mean,mean
1781.1820438163193,44081.744578376216,HH17,mean,mean
1793.814540580974,45136.97155762082,HH17,mean,mean
1806.4470373456288,46439.13984351833,HH17,mean,mean
1819.0795341102835,47741.308129415826,HH17,mean,mean
1831.7120308749381,49043.47641531332,HH17,mean,mean
1844.344527639593,50358.72251790776,HH17,mean,mean
1856.9770244042477,51657.041896308445,HH17,mean,mean
1869.6095211689026,52955.36127470915,HH17,mean,mean
1882.2420179335572,54253.680653109834,HH17,mean,mean
1894.874514698212,55420.19078912159,HH17,mean,mean
1907.5070114628668,56460.9089392885,HH17,mean,mean
1920.1395082275214,57501.627089455396,HH17,mean,mean
1932.772004992176,58542.345239622286,HH17,mean,mean
1945.404501756831,59602.5307315224,HH17,mean,mean
1958.0369985214857,60638.98393852759,HH17,mean,mean
1970.6694952861403,61675.43714553278,HH17,mean,mean
1983.3019920507952,62711.890352537994,HH17,mean,mean
1995.9344888154499,63988.858497401954,HH17,mean,mean
2008.5669855801048,65360.29394085612,HH17,mean,mean
2021.1994823447594,66731.72938431025,HH17,mean,mean
2033.831979109414,68109.598101063,HH17,mean,mean
2046.464475874069,69692.51667050832,HH17,mean,mean
2059.096972638724,71424.5171276323,HH17,mean,mean
2071.7294694033785,73156.51758475625,HH17,mean,mean
2084.361966168033,74828.97792771898,HH17,mean,mean
2096.994462932688,76272.57705689948,HH17,mean,mean
2109.6269596973425,77829.42457094029,HH17,mean,mean
2122.2594564619976,79386.27208498113,HH17,mean,mean
2134.8919532266523,80721.24307071796,HH17,mean,mean
2147.524449991307,81509.22215917423,HH17,mean,mean
2160.1569467559616,82325.4882917372,HH17,mean,mean
2172.7894435206163,83141.75442430018,HH17,mean,mean
2185.421940285271,83556.83043011259,HH17,mean,mean
2198.054437049926,83135.29469604319,HH17,mean,mean
2210.6869338145807,82529.20887479528,HH17,mean,mean
2223.3194305792354,81923.12305354734,HH17,mean,mean
2235.95192734389,80680.19604128589,HH17,mean,mean
2248.5844241085447,78643.34424692842,HH17,mean,mean
2261.2169208732,76097.39822527659,HH17,mean,mean
2273.8494176378545,73551.45220362484,HH17,mean,mean
2286.481914402509,69075.97751424873,HH17,mean,mean
2299.114411167164,63850.63192390024,HH17,mean,mean
2311.7469079318184,57982.749683932285,HH17,mean,mean
2324.379404696473,52304.854508294746,HH17,mean,mean
2337.011901461128,50107.03046156317,HH17,mean,mean
2349.644398225783,47321.71855466559,HH17,mean,mean
2362.2768949904375,43853.52555670517,HH17,mean,mean
2374.909391755092,40385.33255874477,HH17,mean,mean
2387.541888519747,37405.5461386405,HH17,mean,mean
2400.174385284402,35640.380472888144,HH17,mean,mean
2412.8068820490566,32910.55997962686,HH17,mean,mean
2425.4393788137113,30180.739486365568,HH17,mean,mean
2438.071875578366,27450.918993104282,HH17,mean,mean
2450.7043723430206,24821.818495356012,HH17,mean,mean
2463.3368691076757,24821.818495356012,HH17,mean,mean
2475.9693658723304,24821.818495356012,HH17,mean,mean
2488.601862636985,24821.818495356012,HH17,mean,mean
2501.2343594016397,24821.818495356012,HH17,mean,mean
2513.8668561662944,24821.818495356012,HH17,mean,mean
0.0,4655.962053373356,HH20,individual,sample_0
25.127883117757158,7777.460796294363,HH20,individual,sample_0
50.255766235514315,10898.95953921537,HH20,individual,sample_0
75.38364935327147,14020.458282136377,HH20,individual,sample_0
100.51153247102863,17023.96970966904,HH20,individual,sample_0
125.6394155887858,19002.90823180802,HH20,individual,sample_0
150.76729870654293,20981.846753947004,HH20,individual,sample_0
175.8951818243001,22960.78527608599,HH20,individual,sample_0
201.02306494205726,24944.48587192977,HH20,individual,sample_0
226.15094805981443,26946.4817708962,HH20,individual,sample_0
251.2788311775716,28948.477669862626,HH20,individual,sample_0
276.40671429532875,30950.473568829053,HH20,individual,sample_0
301.53459741308586,33047.69447578618,HH20,individual,sample_0
326.662480530843,35357.06891454371,HH20,individual,sample_0
351.7903636486002,37666.44335330125,HH20,individual,sample_0
376.91824676635736,39975.81779205878,HH20,individual,sample_0
402.0461298841145,42386.82226983282,HH20,individual,sample_0
427.1740130018717,44942.236800770144,HH20,individual,sample_0
452.30189611962885,47497.65133170747,HH20,individual,sample_0
477.429779237386,50053.0658626448,HH20,individual,sample_0
502.5576623551432,52603.074589933836,HH20,individual,sample_0
527.6855454729003,55148.01942556609,HH20,individual,sample_0
552.8134285906575,57692.96426119835,HH20,individual,sample_0
577.9413117084147,60237.909096830605,HH20,individual,sample_0
603.0691948261717,62760.868505934086,HH20,individual,sample_0
628.1970779439289,65270.32976196004,HH20,individual,sample_0
653.324961061686,67779.791017986,HH20,individual,sample_0
678.4528441794432,70289.25227401196,HH20,individual,sample_0
703.5807272972004,72719.63811405517,HH20,individual,sample_0
728.7086104149575,75119.70695126013,HH20,individual,sample_0
753.8364935327147,77519.77578846508,HH20,individual,sample_0
778.9643766504719,79919.84462567004,HH20,individual,sample_0
804.092259768229,82486.36485433514,HH20,individual,sample_0
829.2201428859862,85087.91799723668,HH20,individual,sample_0
854.3480260037434,87689.47114013822,HH20,individual,sample_0
879.4759091215005,90291.02428303976,HH20,individual,sample_0
904.6037922392577,93209.32913827692,HH20,individual,sample_0
929.7316753570149,96151.69849066118,HH20,individual,sample_0
954.859558474772,99094.06784304543,HH20,individual,sample_0
979.9874415925292,102067.74324077791,HH20,individual,sample_0
1005.1153247102864,105968.73575976434,HH20,individual,sample_0
1030.2432078280435,109869.72827875076,HH20,individual,sample_0
1055.3710909458007,113770.72079773717,HH20,individual,sample_0
1080.4989740635579,117826.53786106616,HH20,individual,sample_0
1105.626857181315,122866.59079551723,HH20,individual,sample_0
1130.7547402990722,127906.6437299683,HH20,individual,sample_0
1155.8826234168293,132946.69666441937,HH20,individual,sample_0
1181.0105065345865,138146.54892087667,HH20,individual,sample_0
1206.1383896523434,143854.690611513,HH20,individual,sample_0
1231.2662727701006,149562.8323021494,HH20,individual,sample_0
1256.3941558878578,155270.97399278582,HH20,individual,sample_0
1281.522039005615,161089.0513175425,HH20,individual,sample_0
1306.649922123372,167118.21561670362,HH20,individual,sample_0
1331.7778052411293,173147.3799158647,HH20,individual,sample_0
1356.9056883588864,179176.5442150258,HH20,individual,sample_0
1382.0335714766436,185096.86227218842,HH20,individual,sample_0
1407.1614545944008,190881.8235113258,HH20,individual,sample_0
1432.289337712158,196666.78475046318,HH20,individual,sample_0
1457.417220829915,202451.74598960057,HH20,individual,sample_0
1482.5451039476723,208234.24694812277,HH20,individual,sample_0
1507.6729870654294,214014.72668712688,HH20,individual,sample_0
1532.8008701831866,219795.20642613096,HH20,individual,sample_0
1557.9287533009438,225575.68616513506,HH20,individual,sample_0
1583.056636418701,230100.94873386552,HH20,individual,sample_0
1608.184519536458,233956.9916250704,HH20,individual,sample_0
1633.3124026542152,237813.0345162753,HH20,individual,sample_0
1658.4402857719724,241669.0774074802,HH20,individual,sample_0
1683.5681688897296,243435.1514701015,HH20,individual,sample_0
1708.6960520074867,244524.91949329106,HH20,individual,sample_0
1733.823935125244,245614.68751648063,HH20,individual,sample_0
1758.951818243001,246704.45553967016,HH20,individual,sample_0
1784.0797013607582,245367.68919433997,HH20,individual,sample_0
1809.2075844785154,243631.90761118362,HH20,individual,sample_0
1834.3354675962726,241896.12602802727,HH20,individual,sample_0
1859.4633507140297,240160.3444448709,HH20,individual,sample_0
1884.591233831787,237011.97694643075,HH20,individual,sample_0
1909.719116949544,233807.88542976158,HH20,individual,sample_0
1934.8470000673012,230603.7939130924,HH20,individual,sample_0
1959.9748831850584,227493.32861447686,HH20,individual,sample_0
1985.1027663028156,225722.70243380187,HH20,individual,sample_0
2010.2306494205727,223952.07625312684,HH20,individual,sample_0
2035.3585325383297,222181.45007245187,HH20,individual,sample_0
2060.486415656087,220581.31536451963,HH20,individual,sample_0
2085.614298773844,219822.0258593993,HH20,individual,sample_0
2110.7421818916014,219062.73635427895,HH20,individual,sample_0
2135.8700650093583,218303.44684915862,HH20,individual,sample_0
2160.9979481271157,216473.35078889603,HH20,individual,sample_0
2186.1258312448726,211775.0432012039,HH20,individual,sample_0
2211.25371436263,207076.73561351167,HH20,individual,sample_0
2236.381597480387,202378.42802581954,HH20,individual,sample_0
2261.5094805981444,195936.71286847434,HH20,individual,sample_0
2286.6373637159013,186590.70396914062,HH20,individual,sample_0
2311.7652468336587,177244.69506980677,HH20,individual,sample_0
2336.8931299514156,167898.68617047305,HH20,individual,sample_0
2362.021013069173,157578.7982308543,HH20,individual,sample_0
2387.14889618693,146196.99334524738,HH20,individual,sample_0
2412.276779304687,134815.18845964049,HH20,individual,sample_0
2437.4046624224443,123433.38357403336,HH20,individual,sample_0
2462.532545540201,114723.29633410313,HH20,individual,sample_0
2487.6604286579586,107934.88720024427,HH20,individual,sample_0
2512.7883117757156,101146.47806638552,HH20,individual,sample_0
2537.916194893473,94358.06893252664,HH20,individual,sample_0
2563.04407801123,93933.61557149503,HH20,individual,sample_0
2588.1719611289873,96436.88742477278,HH20,individual,sample_0
2613.299844246744,98940.1592780505,HH20,individual,sample_0
2638.4277273645016,101443.43113132827,HH20,individual,sample_0
2663.5556104822585,112249.87969008365,HH20,individual,sample_0
2688.683493600016,125287.84210140133,HH20,individual,sample_0
2713.811376717773,138325.8045127188,HH20,individual,sample_0
2738.9392598355303,151363.7669240365,HH20,individual,sample_0
2764.067142953287,169556.4156465533,HH20,individual,sample_0
2789.1950260710446,188376.80172057624,HH20,individual,sample_0
2814.3229091888015,207197.18779459887,HH20,individual,sample_0
2839.450792306559,226017.5738686218,HH20,individual,sample_0
2864.578675424316,241687.3918838484,HH20,individual,sample_0
2889.7065585420733,257340.4425736717,HH20,individual,sample_0
2914.83444165983,272993.4932634947,HH20,individual,sample_0
2939.9623247775876,287839.16706121125,HH20,individual,sample_0
2965.0902078953445,295251.31534870894,HH20,individual,sample_0
2990.218091013102,302663.4636362068,HH20,individual,sample_0
3015.345974130859,310075.6119237045,HH20,individual,sample_0
3040.4738572486162,315480.2179538154,HH20,individual,sample_0
3065.601740366373,312916.3879671797,HH20,individual,sample_0
3090.7296234841306,310352.557980544,HH20,individual,sample_0
3115.8575066018875,307788.7279939083,HH20,individual,sample_0
3140.985389719645,302561.44729763723,HH20,individual,sample_0
3166.113272837402,291250.7493613082,HH20,individual,sample_0
3191.2411559551592,279940.0514249789,HH20,individual,sample_0
3216.369039072916,268629.3534886498,HH20,individual,sample_0
3241.496922190673,256535.1419737752,HH20,individual,sample_0
3266.6248053084305,243302.9801720318,HH20,individual,sample_0
3291.7526884261874,230070.81837028862,HH20,individual,sample_0
3316.880571543945,216838.6565685452,HH20,individual,sample_0
3342.0084546617018,205687.9555665205,HH20,individual,sample_0
3367.136337779459,196528.8250019331,HH20,individual,sample_0
3392.264220897216,187369.69443734584,HH20,individual,sample_0
3417.3921040149735,178210.56387275842,HH20,individual,sample_0
3442.5199871327304,173517.6089405996,HH20,individual,sample_0
3467.647870250488,171628.8212165488,HH20,individual,sample_0
3492.7757533682448,169740.03349249798,HH20,individual,sample_0
3517.903636486002,167851.24576844717,HH20,individual,sample_0
3543.031519603759,171391.25578318725,HH20,individual,sample_0
3568.1594027215165,177068.03776526538,HH20,individual,sample_0
3593.2872858392734,182744.81974734343,HH20,individual,sample_0
3618.415168957031,188421.60172942156,HH20,individual,sample_0
3643.5430520747877,199010.3682836337,HH20,individual,sample_0
3668.670935192545,210671.3035260315,HH20,individual,sample_0
3693.798818310302,222332.2387684291,HH20,individual,sample_0
3718.9267014280595,233993.17401082692,HH20,individual,sample_0
3744.0545845458164,244709.11466261736,HH20,individual,sample_0
3769.182467663574,255347.43666227013,HH20,individual,sample_0
3794.3103507813307,265985.7586619227,HH20,individual,sample_0
3819.438233899088,276547.75364155916,HH20,individual,sample_0
3844.566117016845,284396.69956574467,HH20,individual,sample_0
3869.6940001346024,292245.6454899303,HH20,individual,sample_0
3894.8218832523594,300094.5914141158,HH20,individual,sample_0
3919.949766370117,307662.45134809264,HH20,individual,sample_0
3945.0776494878737,313359.6120577603,HH20,individual,sample_0
3970.205532605631,319056.7727674281,HH20,individual,sample_0
3995.333415723388,324753.93347709574,HH20,individual,sample_0
4020.4612988411454,330226.5841674655,HH20,individual,sample_0
4045.5891819589024,334963.8693674185,HH20,individual,sample_0
4070.7170650766593,339701.1545673716,HH20,individual,sample_0
4095.8449481944167,344438.4397673248,HH20,individual,sample_0
4120.972831312174,349422.49791799986,HH20,individual,sample_0
4146.100714429931,354891.698126912,HH20,individual,sample_0
4171.228597547688,360360.8983358242,HH20,individual,sample_0
4196.356480665445,365830.09854473633,HH20,individual,sample_0
4221.484363783203,372215.38813684357,HH20,individual,sample_0
4246.61224690096,379764.59398251056,HH20,individual,sample_0
4271.740130018717,387313.79982817755,HH20,individual,sample_0
4296.868013136474,394863.0056738445,HH20,individual,sample_0
4321.995896254231,401163.011271853,HH20,individual,sample_0
4347.123779371988,406414.5927984256,HH20,individual,sample_0
4372.251662489745,411666.17432499817,HH20,individual,sample_0
4397.379545607502,416917.7558515707,HH20,individual,sample_0
4422.50742872526,415241.07423095696,HH20,individual,sample_0
4447.635311843017,409783.6689256436,HH20,individual,sample_0
4472.763194960774,404326.26362033025,HH20,individual,sample_0
4497.891078078531,398868.8583150169,HH20,individual,sample_0
4523.018961196289,381264.97599005344,HH20,individual,sample_0
4548.146844314046,359617.0945853139,HH20,individual,sample_0
4573.274727431803,337969.2131805744,HH20,individual,sample_0
4598.4026105495595,316321.3317758349,HH20,individual,sample_0
4623.530493667317,270853.3157299426,HH20,individual,sample_0
4648.658376785074,221296.3155771213,HH20,individual,sample_0
4673.786259902831,171739.31542430006,HH20,individual,sample_0
4698.914143020588,122182.31527147879,HH20,individual,sample_0
4724.042026138346,120039.22503266312,HH20,individual,sample_0
4749.169909256103,120039.22503266312,HH20,individual,sample_0
4774.29779237386,120039.22503266312,HH20,individual,sample_0
4799.425675491617,120039.22503266312,HH20,individual,sample_0
4824.553558609374,120039.22503266312,HH20,individual,sample_0
4849.681441727132,120039.22503266312,HH20,individual,sample_0
4874.809324844889,120039.22503266312,HH20,individual,sample_0
4899.9372079626455,120039.22503266312,HH20,individual,sample_0
4925.065091080402,120039.22503266312,HH20,individual,sample_0
4950.19297419816,120039.22503266312,HH20,individual,sample_0
4975.320857315917,120039.22503266312,HH20,individual,sample_0
5000.448740433674,120039.22503266312,HH20,individual,sample_0
0.0,5592.180634338335,HH20,individual,sample_1
25.127883117757158,8397.74509608859,HH20,individual,sample_1
50.255766235514315,11203.309557838846,HH20,individual,sample_1
75.38364935327147,14008.8740195891,HH20,individual,sample_1
100.51153247102863,16839.710780787565,HH20,individual,sample_1
125.6394155887858,19781.66120216293,HH20,individual,sample_1
150.76729870654293,22723.611623538294,HH20,individual,sample_1
175.8951818243001,25665.562044913662,HH20,individual,sample_1
201.02306494205726,28537.21880107621,HH20,individual,sample_1
226.15094805981443,31289.493783434602,HH20,individual,sample_1
251.2788311775716,34041.76876579299,HH20,individual,sample_1
276.40671429532875,36794.04374815139,HH20,individual,sample_1
301.53459741308586,39838.59117734464,HH20,individual,sample_1
326.662480530843,43116.63098263679,HH20,individual,sample_1
351.7903636486002,46394.67078792893,HH20,individual,sample_1
376.91824676635736,49672.71059322108,HH20,individual,sample_1
402.0461298841145,53272.804101266345,HH20,individual,sample_1
427.1740130018717,56985.3473377838,HH20,individual,sample_1
452.30189611962885,60697.89057430126,HH20,individual,sample_1
477.429779237386,64410.433810818715,HH20,individual,sample_1
502.5576623551432,68475.9449399709,HH20,individual,sample_1
527.6855454729003,72569.45758413954,HH20,individual,sample_1
552.8134285906575,76662.97022830817,HH20,individual,sample_1
577.9413117084147,80767.67633437864,HH20,individual,sample_1
603.0691948261717,84961.31013255651,HH20,individual,sample_1
628.1970779439289,89154.94393073439,HH20,individual,sample_1
653.324961061686,93348.57772891226,HH20,individual,sample_1
678.4528441794432,97373.9645040125,HH20,individual,sample_1
703.5807272972004,101001.2988355163,HH20,individual,sample_1
728.7086104149575,104628.63316702007,HH20,individual,sample_1
753.8364935327147,108255.96749852388,HH20,individual,sample_1
778.9643766504719,111691.27239399879,HH20,individual,sample_1
804.092259768229,114920.53484190855,HH20,individual,sample_1
829.2201428859862,118149.7972898183,HH20,individual,sample_1
854.3480260037434,121379.05973772806,HH20,individual,sample_1
879.4759091215005,124437.63332643938,HH20,individual,sample_1
904.6037922392577,127411.25824622595,HH20,individual,sample_1
929.7316753570149,130384.8831660125,HH20,individual,sample_1
954.859558474772,133358.50808579905,HH20,individual,sample_1
979.9874415925292,136479.14552429752,HH20,individual,sample_1
1005.1153247102864,139625.1183422927,HH20,individual,sample_1
1030.2432078280435,142771.0911602879,HH20,individual,sample_1
1055.3710909458007,145932.62566181668,HH20,individual,sample_1
1080.4989740635579,149484.92490134866,HH20,individual,sample_1
1105.626857181315,153037.22414088066,HH20,individual,sample_1
1130.7547402990722,156589.52338041266,HH20,individual,sample_1
1155.8826234168293,160080.05183106355,HH20,individual,sample_1
1181.0105065345865,163356.09325504763,HH20,individual,sample_1
1206.1383896523434,166632.13467903165,HH20,individual,sample_1
1231.2662727701006,169908.1761030157,HH20,individual,sample_1
1256.3941558878578,172962.90477964465,HH20,individual,sample_1
1281.522039005615,175697.7045287115,HH20,individual,sample_1
1306.649922123372,178432.50427777832,HH20,individual,sample_1
1331.7778052411293,181167.30402684514,HH20,individual,sample_1
1356.9056883588864,183513.79941761823,HH20,individual,sample_1
1382.0335714766436,185595.1060261037,HH20,individual,sample_1
1407.1614545944008,187676.41263458913,HH20,individual,sample_1
1432.289337712158,189757.7192430746,HH20,individual,sample_1
1457.417220829915,191569.94440570072,HH20,individual,sample_1
1482.5451039476723,193306.05260202117,HH20,individual,sample_1
1507.6729870654294,195042.16079834165,HH20,individual,sample_1
1532.8008701831866,196778.2689946621,HH20,individual,sample_1
1557.9287533009438,197723.6612770285,HH20,individual,sample_1
1583.056636418701,198640.20300540354,HH20,individual,sample_1
1608.184519536458,199556.74473377859,HH20,individual,sample_1
1633.3124026542152,200365.72941188744,HH20,individual,sample_1
1658.4402857719724,200565.69062230075,HH20,individual,sample_1
1683.5681688897296,200765.65183271407,HH20,individual,sample_1
1708.6960520074867,200965.61304312738,HH20,individual,sample_1
1733.823935125244,201190.74613951438,HH20,individual,sample_1
1758.951818243001,201465.75825298685,HH20,individual,sample_1
1784.0797013607582,201740.77036645933,HH20,individual,sample_1
1809.2075844785154,202015.78247993183,HH20,individual,sample_1
1834.3354675962726,202418.35288279993,HH20,individual,sample_1
1859.4633507140297,202938.3408622156,HH20,individual,sample_1
1884.591233831787,203458.3288416313,HH20,individual,sample_1
1909.719116949544,203978.31682104702,HH20,individual,sample_1
1934.8470000673012,204087.2598903006,HH20,individual,sample_1
1959.9748831850584,204025.02900105514,HH20,individual,sample_1
1985.1027663028156,203962.79811180968,HH20,individual,sample_1
2010.2306494205727,203900.5672225642,HH20,individual,sample_1
2035.3585325383297,200578.10750806326,HH20,individual,sample_1
2060.486415656087,196858.02914509547,HH20,individual,sample_1
2085.614298773844,193137.95078212774,HH20,individual,sample_1
2110.7421818916014,189040.57123241344,HH20,individual,sample_1
2135.8700650093583,180394.69416902305,HH20,individual,sample_1
2160.9979481271157,171748.81710563248,HH20,individual,sample_1
2186.1258312448726,163102.9400422421,HH20,individual,sample_1
2211.25371436263,153479.62448579827,HH20,individual,sample_1
2236.381597480387,141101.59633505283,HH20,individual,sample_1
2261.5094805981444,128723.5681843072,HH20,individual,sample_1
2286.6373637159013,116345.54003356176,HH20,individual,sample_1
2311.7652468336587,104937.74175475698,HH20,individual,sample_1
2336.8931299514156,94729.29561726438,HH20,individual,sample_1
2362.021013069173,84520.84947977157,HH20,individual,sample_1
2387.14889618693,74312.40334227897,HH20,individual,sample_1
2412.276779304687,68300.99897512447,HH20,individual,sample_1
2437.4046624224443,64728.228289160215,HH20,individual,sample_1
2462.532545540201,61155.45760319603,HH20,individual,sample_1
2487.6604286579586,57582.68691723178,HH20,individual,sample_1
2512.7883117757156,60938.47207497571,HH20,individual,sample_1
2537.916194893473,65837.92726488726,HH20,individual,sample_1
2563.04407801123,70737.3824547987,HH20,individual,sample_1
2588.1719611289873,75678.41007857052,HH20,individual,sample_1
2613.299844246744,94004.50782746705,HH20,individual,sample_1
2638.4277273645016,112330.60557636392,HH20,individual,sample_1
2663.5556104822585,130656.70332526045,HH20,individual,sample_1
2688.683493600016,149004.5057014068,HH20,individual,sample_1
2713.811376717773,167445.81084717828,HH20,individual,sample_1
2738.9392598355303,185887.1159929501,HH20,individual,sample_1
2764.067142953287,204328.42113872158,HH20,individual,sample_1
2789.1950260710446,220827.68688863868,HH20,individual,sample_1
2814.3229091888015,234072.14898428382,HH20,individual,sample_1
2839.450792306559,247316.61107992922,HH20,individual,sample_1
2864.578675424316,260561.07317557436,HH20,individual,sample_1
2889.7065585420733,269507.8469416298,HH20,individual,sample_1
2914.83444165983,275064.079624348,HH20,individual,sample_1
2939.9623247775876,280620.3123070664,HH20,individual,sample_1
2965.0902078953445,286176.54498978466,HH20,individual,sample_1
2990.218091013102,285077.1139683579,HH20,individual,sample_1
3015.345974130859,281691.1162886928,HH20,individual,sample_1
3040.4738572486162,278305.1186090277,HH20,individual,sample_1
3065.601740366373,274919.12092936266,HH20,individual,sample_1
3090.7296234841306,264764.8596093575,HH20,individual,sample_1
3115.8575066018875,254097.99287153175,HH20,individual,sample_1
3140.985389719645,243431.12613370584,HH20,individual,sample_1
3166.113272837402,232409.67265492704,HH20,individual,sample_1
3191.2411559551592,218656.63679611284,HH20,individual,sample_1
3216.369039072916,204903.6009372989,HH20,individual,sample_1
3241.496922190673,191150.56507848494,HH20,individual,sample_1
3266.6248053084305,177875.96359072797,HH20,individual,sample_1
3291.7526884261874,165716.67146407452,HH20,individual,sample_1
3316.880571543945,153557.37933742086,HH20,individual,sample_1
3342.0084546617018,141398.08721076744,HH20,individual,sample_1
3367.136337779459,132154.16556382235,HH20,individual,sample_1
3392.264220897216,125999.81588656583,HH20,individual,sample_1
3417.3921040149735,119845.4662093092,HH20,individual,sample_1
3442.5199871327304,113691.11653205269,HH20,individual,sample_1
3467.647870250488,111800.88753252524,HH20,individual,sample_1
3492.7757533682448,112003.35410558278,HH20,individual,sample_1
3517.903636486002,112205.82067864032,HH20,individual,sample_1
3543.031519603759,112408.28725169785,HH20,individual,sample_1
3568.1594027215165,116319.9222152791,HH20,individual,sample_1
3593.2872858392734,120855.04919103786,HH20,individual,sample_1
3618.415168957031,125390.17616679671,HH20,individual,sample_1
3643.5430520747877,130009.89009465443,HH20,individual,sample_1
3668.670935192545,136588.43967279835,HH20,individual,sample_1
3693.798818310302,143166.98925094213,HH20,individual,sample_1
3718.9267014280595,149745.53882908606,HH20,individual,sample_1
3744.0545845458164,156101.9853293982,HH20,individual,sample_1
3769.182467663574,161700.78914411907,HH20,individual,sample_1
3794.3103507813307,167299.59295883984,HH20,individual,sample_1
3819.438233899088,172898.39677356073,HH20,individual,sample_1
3844.566117016845,178194.77974771365,HH20,individual,sample_1
3869.6940001346024,183059.54253564795,HH20,individual,sample_1
3894.8218832523594,187924.3053235822,HH20,individual,sample_1
3919.949766370117,192789.0681115165,HH20,individual,sample_1
3945.0776494878737,197140.9614860368,HH20,individual,sample_1
3970.205532605631,201147.06985517955,HH20,individual,sample_1
3995.333415723388,205153.1782243222,HH20,individual,sample_1
4020.4612988411454,209159.28659346496,HH20,individual,sample_1
4045.5891819589024,213074.0001114921,HH20,individual,sample_1
4070.7170650766593,216963.32400611043,HH20,individual,sample_1
4095.8449481944167,220852.64790072886,HH20,individual,sample_1
4120.972831312174,224741.97179534726,HH20,individual,sample_1
4146.100714429931,230251.4482802685,HH20,individual,sample_1
4171.228597547688,235814.6667394951,HH20,individual,sample_1
4196.356480665445,241377.8851987217,HH20,individual,sample_1
4221.484363783203,246987.2341156874,HH20,individual,sample_1
4246.61224690096,252851.5771893628,HH20,individual,sample_1
4271.740130018717,258715.92026303822,HH20,individual,sample_1
4296.868013136474,264580.26333671366,HH20,individual,sample_1
4321.995896254231,269130.30648687837,HH20,individual,sample_1
4347.123779371988,271111.8604956148,HH20,individual,sample_1
4372.251662489745,273093.4145043513,HH20,individual,sample_1
4397.379545607502,275074.9685130878,HH20,individual,sample_1
4422.50742872526,272466.1844262898,HH20,individual,sample_1
4447.635311843017,265684.0998857295,HH20,individual,sample_1
4472.763194960774,258902.0153451692,HH20,individual,sample_1
4497.891078078531,252119.9308046089,HH20,individual,sample_1
4523.018961196289,225490.08268732182,HH20,individual,sample_1
4548.146844314046,190717.66449107454,HH20,individual,sample_1
4573.274727431803,155945.24629482726,HH20,individual,sample_1
4598.4026105495595,121172.82809857996,HH20,individual,sample_1
4623.530493667317,117500.62980417105,HH20,individual,sample_1
4648.658376785074,117500.62980417105,HH20,individual,sample_1
4673.786259902831,117500.62980417105,HH20,individual,sample_1
4698.914143020588,117500.62980417105,HH20,individual,sample_1
4724.042026138346,117500.62980417105,HH20,individual,sample_1
4749.169909256103,117500.62980417105,HH20,individual,sample_1
4774.29779237386,117500.62980417105,HH20,individual,sample_1
4799.425675491617,117500.62980417105,HH20,individual,sample_1
4824.553558609374,117500.62980417105,HH20,individual,sample_1
4849.681441727132,117500.62980417105,HH20,individual,sample_1
4874.809324844889,117500.62980417105,HH20,individual,sample_1
4899.9372079626455,117500.62980417105,HH20,individual,sample_1
4925.065091080402,117500.62980417105,HH20,individual,sample_1
4950.19297419816,117500.62980417105,HH20,individual,sample_1
4975.320857315917,117500.62980417105,HH20,individual,sample_1
5000.448740433674,117500.62980417105,HH20,individual,sample_1
0.0,4136.410798199325,HH20,individual,sample_2
25.127883117757158,7273.060343103205,HH20,individual,sample_2
50.255766235514315,10409.709888007084,HH20,individual,sample_2
75.38364935327147,13546.359432910966,HH20,individual,sample_2
100.51153247102863,16862.27214008227,HH20,individual,sample_2
125.6394155887858,20523.526003812178,HH20,individual,sample_2
150.76729870654293,24184.779867542085,HH20,individual,sample_2
175.8951818243001,27846.033731271993,HH20,individual,sample_2
201.02306494205726,31517.23108667482,HH20,individual,sample_2
226.15094805981443,35193.03450595715,HH20,individual,sample_2
251.2788311775716,38868.83792523947,HH20,individual,sample_2
276.40671429532875,42556.54659790802,HH20,individual,sample_2
301.53459741308586,46706.02978785271,HH20,individual,sample_2
326.662480530843,50855.512977797414,HH20,individual,sample_2
351.7903636486002,55004.996167742116,HH20,individual,sample_2
376.91824676635736,59423.083555228244,HH20,individual,sample_2
402.0461298841145,64304.76806854438,HH20,individual,sample_2
427.1740130018717,69186.4525818605,HH20,individual,sample_2
452.30189611962885,74068.13709517664,HH20,individual,sample_2
477.429779237386,78864.49295132962,HH20,individual,sample_2
502.5576623551432,83625.75131972079,HH20,individual,sample_2
527.6855454729003,88387.00968811197,HH20,individual,sample_2
552.8134285906575,93138.48852062188,HH20,individual,sample_2
577.9413117084147,97705.1954517972,HH20,individual,sample_2
603.0691948261717,102271.90238297252,HH20,individual,sample_2
628.1970779439289,106838.60931414785,HH20,individual,sample_2
653.324961061686,111507.8194092427,HH20,individual,sample_2
678.4528441794432,116336.02849328228,HH20,individual,sample_2
703.5807272972004,121164.23757732187,HH20,individual,sample_2
728.7086104149575,125992.44666136146,HH20,individual,sample_2
753.8364935327147,131057.0952852025,HH20,individual,sample_2
778.9643766504719,136207.56542384316,HH20,individual,sample_2
804.092259768229,141358.03556248383,HH20,individual,sample_2
829.2201428859862,146497.54829994735,HH20,individual,sample_2
854.3480260037434,151502.69605839526,HH20,individual,sample_2
879.4759091215005,156507.84381684317,HH20,individual,sample_2
904.6037922392577,161512.9915752911,HH20,individual,sample_2
929.7316753570149,166453.83882499483,HH20,individual,sample_2
954.859558474772,171304.8300611666,HH20,individual,sample_2
979.9874415925292,176155.8212973384,HH20,individual,sample_2
1005.1153247102864,181006.8125335102,HH20,individual,sample_2
1030.2432078280435,185639.89542885465,HH20,individual,sample_2
1055.3710909458007,190203.72043805386,HH20,individual,sample_2
1080.4989740635579,194767.54544725307,HH20,individual,sample_2
1105.626857181315,199287.3506308603,HH20,individual,sample_2
1130.7547402990722,203413.31639812354,HH20,individual,sample_2
1155.8826234168293,207539.28216538674,HH20,individual,sample_2
1181.0105065345865,211665.24793264997,HH20,individual,sample_2
1206.1383896523434,215373.18668647343,HH20,individual,sample_2
1231.2662727701006,218553.91472773647,HH20,individual,sample_2
1256.3941558878578,221734.64276899953,HH20,individual,sample_2
1281.522039005615,224915.37081026257,HH20,individual,sample_2
1306.649922123372,226962.8730566338,HH20,individual,sample_2
1331.7778052411293,228698.07993682232,HH20,individual,sample_2
1356.9056883588864,230433.28681701084,HH20,individual,sample_2
1382.0335714766436,231710.70458537483,HH20,individual,sample_2
1407.1614545944008,229803.05844150748,HH20,individual,sample_2
1432.289337712158,227895.4122976401,HH20,individual,sample_2
1457.417220829915,225987.76615377274,HH20,individual,sample_2
1482.5451039476723,225066.7440557097,HH20,individual,sample_2
1507.6729870654294,225270.0703900158,HH20,individual,sample_2
1532.8008701831866,225473.39672432188,HH20,individual,sample_2
1557.9287533009438,225676.72305862795,HH20,individual,sample_2
1583.056636418701,227885.36265310764,HH20,individual,sample_2
1608.184519536458,230567.16850779377,HH20,individual,sample_2
1633.3124026542152,233248.9743624799,HH20,individual,sample_2
1658.4402857719724,236103.77293563206,HH20,individual,sample_2
1683.5681688897296,239932.73554752025,HH20,individual,sample_2
1708.6960520074867,243761.69815940844,HH20,individual,sample_2
1733.823935125244,247590.6607712966,HH20,individual,sample_2
1758.951818243001,250768.82871167728,HH20,individual,sample_2
1784.0797013607582,253276.41428662412,HH20,individual,sample_2
1809.2075844785154,255783.99986157092,HH20,individual,sample_2
1834.3354675962726,258291.58543651772,HH20,individual,sample_2
1859.4633507140297,258245.7967235409,HH20,individual,sample_2
1884.591233831787,257692.60324725418,HH20,individual,sample_2
1909.719116949544,257139.40977096747,HH20,individual,sample_2
1934.8470000673012,255680.08231500202,HH20,individual,sample_2
1959.9748831850584,249976.4934417162,HH20,individual,sample_2
1985.1027663028156,244272.9045684304,HH20,individual,sample_2
2010.2306494205727,238569.31569514456,HH20,individual,sample_2
2035.3585325383297,227767.72960786693,HH20,individual,sample_2
2060.486415656087,212215.71727573677,HH20,individual,sample_2
2085.614298773844,196663.70494360692,HH20,individual,sample_2
2110.7421818916014,181111.69261147676,HH20,individual,sample_2
2135.8700650093583,165265.29988025108,HH20,individual,sample_2
2160.9979481271157,149370.72871705738,HH20,individual,sample_2
2186.1258312448726,133476.15755386394,HH20,individual,sample_2
2211.25371436263,119048.4185367672,HH20,individual,sample_2
2236.381597480387,110449.03769862144,HH20,individual,sample_2
2261.5094805981444,101849.65686047552,HH20,individual,sample_2
2286.6373637159013,93250.27602232977,HH20,individual,sample_2
2311.7652468336587,92716.0449179598,HH20,individual,sample_2
2336.8931299514156,98975.64218830765,HH20,individual,sample_2
2362.021013069173,105235.23945865562,HH20,individual,sample_2
2387.14889618693,111494.83672900348,HH20,individual,sample_2
2412.276779304687,129928.85053555292,HH20,individual,sample_2
2437.4046624224443,149952.7709621571,HH20,individual,sample_2
2462.532545540201,169976.69138876093,HH20,individual,sample_2
2487.6604286579586,190173.02905367585,HH20,individual,sample_2
2512.7883117757156,210959.17655257156,HH20,individual,sample_2
2537.916194893473,231745.32405146764,HH20,individual,sample_2
2563.04407801123,252531.47155036335,HH20,individual,sample_2
2588.1719611289873,270433.0520317222,HH20,individual,sample_2
2613.299844246744,286139.9595383275,HH20,individual,sample_2
2638.4277273645016,301846.86704493297,HH20,individual,sample_2
2663.5556104822585,317553.77455153817,HH20,individual,sample_2
2688.683493600016,327585.02645565267,HH20,individual,sample_2
2713.811376717773,337052.3737371064,HH20,individual,sample_2
2738.9392598355303,346519.7210185603,HH20,individual,sample_2
2764.067142953287,354519.8921411913,HH20,individual,sample_2
2789.1950260710446,358149.71842341387,HH20,individual,sample_2
2814.3229091888015,361779.5447056364,HH20,individual,sample_2
2839.450792306559,365409.370987859,HH20,individual,sample_2
2864.578675424316,365828.7255288701,HH20,individual,sample_2
2889.7065585420733,364045.0288498613,HH20,individual,sample_2
2914.83444165983,362261.33217085246,HH20,individual,sample_2
2939.9623247775876,360477.63549184357,HH20,individual,sample_2
2965.0902078953445,354377.3938487417,HH20,individual,sample_2
2990.218091013102,347975.87558979663,HH20,individual,sample_2
3015.345974130859,341574.35733085166,HH20,individual,sample_2
3040.4738572486162,334150.2538225477,HH20,individual,sample_2
3065.601740366373,324050.0021276134,HH20,individual,sample_2
3090.7296234841306,313949.75043267896,HH20,individual,sample_2
3115.8575066018875,303849.4987377447,HH20,individual,sample_2
3140.985389719645,292044.0689073704,HH20,individual,sample_2
3166.113272837402,279185.4336582615,HH20,individual,sample_2
3191.2411559551592,266326.7984091524,HH20,individual,sample_2
3216.369039072916,253468.16316004354,HH20,individual,sample_2
3241.496922190673,242628.05982756542,HH20,individual,sample_2
3266.6248053084305,231872.29988677523,HH20,individual,sample_2
3291.7526884261874,221116.53994598522,HH20,individual,sample_2
3316.880571543945,211024.43525880566,HH20,individual,sample_2
3342.0084546617018,202469.1049528085,HH20,individual,sample_2
3367.136337779459,193913.77464681116,HH20,individual,sample_2
3392.264220897216,185358.444340814,HH20,individual,sample_2
3417.3921040149735,180151.12206015587,HH20,individual,sample_2
3442.5199871327304,176800.10762977062,HH20,individual,sample_2
3467.647870250488,173449.0931993853,HH20,individual,sample_2
3492.7757533682448,170098.078769,HH20,individual,sample_2
3517.903636486002,172389.99006680466,HH20,individual,sample_2
3543.031519603759,174767.68916531466,HH20,individual,sample_2
3568.1594027215165,177145.38826382472,HH20,individual,sample_2
3593.2872858392734,179639.69284191626,HH20,individual,sample_2
3618.415168957031,182374.2716048019,HH20,individual,sample_2
3643.5430520747877,185108.8503676875,HH20,individual,sample_2
3668.670935192545,187843.42913057315,HH20,individual,sample_2
3693.798818310302,188645.58499645922,HH20,individual,sample_2
3718.9267014280595,188489.2509426562,HH20,individual,sample_2
3744.0545845458164,188332.91688885313,HH20,individual,sample_2
3769.182467663574,188156.45915387332,HH20,individual,sample_2
3794.3103507813307,186019.15402479382,HH20,individual,sample_2
3819.438233899088,183881.84889571427,HH20,individual,sample_2
3844.566117016845,181744.54376663477,HH20,individual,sample_2
3869.6940001346024,178928.9434298904,HH20,individual,sample_2
3894.8218832523594,174863.9495739176,HH20,individual,sample_2
3919.949766370117,170798.95571794474,HH20,individual,sample_2
3945.0776494878737,166733.96186197194,HH20,individual,sample_2
3970.205532605631,163927.9322895232,HH20,individual,sample_2
3995.333415723388,161678.10427573355,HH20,individual,sample_2
4020.4612988411454,159428.27626194386,HH20,individual,sample_2
4045.5891819589024,157338.06900037613,HH20,individual,sample_2
4070.7170650766593,159611.0950229641,HH20,individual,sample_2
4095.8449481944167,161884.12104555205,HH20,individual,sample_2
4120.972831312174,164157.14706814004,HH20,individual,sample_2
4146.100714429931,165691.62221364878,HH20,individual,sample_2
4171.228597547688,166005.64409619782,HH20,individual,sample_2
4196.356480665445,166319.6659787469,HH20,individual,sample_2
4221.484363783203,166633.687861296,HH20,individual,sample_2
4246.61224690096,161121.57400250115,HH20,individual,sample_2
4271.740130018717,153329.26646594336,HH20,individual,sample_2
4296.868013136474,145536.95892938558,HH20,individual,sample_2
4321.995896254231,136957.80432893476,HH20,individual,sample_2
4347.123779371988,116143.74446693168,HH20,individual,sample_2
4372.251662489745,95329.6846049286,HH20,individual,sample_2
4397.379545607502,74515.62474292552,HH20,individual,sample_2
4422.50742872526,62071.66373675184,HH20,individual,sample_2
4447.635311843017,62071.66373675184,HH20,individual,sample_2
4472.763194960774,62071.66373675184,HH20,individual,sample_2
4497.891078078531,62071.66373675184,HH20,individual,sample_2
4523.018961196289,62071.66373675184,HH20,individual,sample_2
4548.146844314046,62071.66373675184,HH20,individual,sample_2
4573.274727431803,62071.66373675184,HH20,individual,sample_2
4598.4026105495595,62071.66373675184,HH20,individual,sample_2
4623.530493667317,62071.66373675184,HH20,individual,sample_2
4648.658376785074,62071.66373675184,HH20,individual,sample_2
4673.786259902831,62071.66373675184,HH20,individual,sample_2
4698.914143020588,62071.66373675184,HH20,individual,sample_2
4724.042026138346,62071.66373675184,HH20,individual,sample_2
4749.169909256103,62071.66373675184,HH20,individual,sample_2
4774.29779237386,62071.66373675184,HH20,individual,sample_2
4799.425675491617,62071.66373675184,HH20,individual,sample_2
4824.553558609374,62071.66373675184,HH20,individual,sample_2
4849.681441727132,62071.66373675184,HH20,individual,sample_2
4874.809324844889,62071.66373675184,HH20,individual,sample_2
4899.9372079626455,62071.66373675184,HH20,individual,sample_2
4925.065091080402,62071.66373675184,HH20,individual,sample_2
4950.19297419816,62071.66373675184,HH20,individual,sample_2
4975.320857315917,62071.66373675184,HH20,individual,sample_2
5000.448740433674,62071.66373675184,HH20,individual,sample_2
0.0,21403.932367081645,HH20,individual,sample_3
25.127883117757158,28836.40338711528,HH20,individual,sample_3
50.255766235514315,36268.87440714891,HH20,individual,sample_3
75.38364935327147,43701.34542718255,HH20,individual,sample_3
100.51153247102863,51133.81644721619,HH20,individual,sample_3
125.6394155887858,55040.92864957615,HH20,individual,sample_3
150.76729870654293,58346.15032208935,HH20,individual,sample_3
175.8951818243001,61651.37199460256,HH20,individual,sample_3
201.02306494205726,64956.59366711577,HH20,individual,sample_3
226.15094805981443,68735.91038557922,HH20,individual,sample_3
251.2788311775716,72710.44271119864,HH20,individual,sample_3
276.40671429532875,76684.97503681808,HH20,individual,sample_3
301.53459741308586,80659.5073624375,HH20,individual,sample_3
326.662480530843,85652.30803214757,HH20,individual,sample_3
351.7903636486002,91437.09519170594,HH20,individual,sample_3
376.91824676635736,97221.8823512643,HH20,individual,sample_3
402.0461298841145,103006.66951082267,HH20,individual,sample_3
427.1740130018717,109360.85831335979,HH20,individual,sample_3
452.30189611962885,116512.20941606713,HH20,individual,sample_3
477.429779237386,123663.56051877447,HH20,individual,sample_3
502.5576623551432,130814.9116214818,HH20,individual,sample_3
527.6855454729003,138220.25100707338,HH20,individual,sample_3
552.8134285906575,146309.4050004302,HH20,individual,sample_3
577.9413117084147,154398.55899378704,HH20,individual,sample_3
603.0691948261717,162487.71298714384,HH20,individual,sample_3
628.1970779439289,170618.33045596338,HH20,individual,sample_3
653.324961061686,179039.19225302176,HH20,individual,sample_3
678.4528441794432,187460.05405008013,HH20,individual,sample_3
703.5807272972004,195880.9158471385,HH20,individual,sample_3
728.7086104149575,204301.77764419687,HH20,individual,sample_3
753.8364935327147,211571.47376541278,HH20,individual,sample_3
778.9643766504719,218816.67699990864,HH20,individual,sample_3
804.092259768229,226061.88023440447,HH20,individual,sample_3
829.2201428859862,233307.08346890035,HH20,individual,sample_3
854.3480260037434,239275.24475356838,HH20,individual,sample_3
879.4759091215005,244987.9976482709,HH20,individual,sample_3
904.6037922392577,250700.75054297337,HH20,individual,sample_3
929.7316753570149,256413.50343767588,HH20,individual,sample_3
954.859558474772,261250.2999638744,HH20,individual,sample_3
979.9874415925292,265688.93450438924,HH20,individual,sample_3
1005.1153247102864,270127.56904490414,HH20,individual,sample_3
1030.2432078280435,274566.203585419,HH20,individual,sample_3
1055.3710909458007,278503.4821776807,HH20,individual,sample_3
1080.4989740635579,282016.5365060359,HH20,individual,sample_3
1105.626857181315,285529.59083439107,HH20,individual,sample_3
1130.7547402990722,289042.64516274625,HH20,individual,sample_3
1155.8826234168293,292342.84440567065,HH20,individual,sample_3
1181.0105065345865,295318.1595708324,HH20,individual,sample_3
1206.1383896523434,298293.4747359941,HH20,individual,sample_3
1231.2662727701006,301268.78990115586,HH20,individual,sample_3
1256.3941558878578,304241.3957578715,HH20,individual,sample_3
1281.522039005615,307205.8736892488,HH20,individual,sample_3
1306.649922123372,310170.3516206261,HH20,individual,sample_3
1331.7778052411293,313134.8295520035,HH20,individual,sample_3
1356.9056883588864,316139.757933105,HH20,individual,sample_3
1382.0335714766436,319492.56018183497,HH20,individual,sample_3
1407.1614545944008,322845.3624305649,HH20,individual,sample_3
1432.289337712158,326198.16467929486,HH20,individual,sample_3
1457.417220829915,329550.96692802483,HH20,individual,sample_3
1482.5451039476723,332571.0901769714,HH20,individual,sample_3
1507.6729870654294,335576.7491215796,HH20,individual,sample_3
1532.8008701831866,338582.4080661878,HH20,individual,sample_3
1557.9287533009438,341588.067010796,HH20,individual,sample_3
1583.056636418701,343979.38848320936,HH20,individual,sample_3
1608.184519536458,346228.9397697316,HH20,individual,sample_3
1633.3124026542152,348478.49105625384,HH20,individual,sample_3
1658.4402857719724,350728.0423427761,HH20,individual,sample_3
1683.5681688897296,352407.5664320722,HH20,individual,sample_3
1708.6960520074867,353802.0769227553,HH20,individual,sample_3
1733.823935125244,355196.5874134384,HH20,individual,sample_3
1758.951818243001,356591.0979041215,HH20,individual,sample_3
1784.0797013607582,357906.3976777454,HH20,individual,sample_3
1809.2075844785154,359148.82359167485,HH20,individual,sample_3
1834.3354675962726,360391.24950560427,HH20,individual,sample_3
1859.4633507140297,361633.67541953374,HH20,individual,sample_3
1884.591233831787,363073.7763385673,HH20,individual,sample_3
1909.719116949544,364843.3355994411,HH20,individual,sample_3
1934.8470000673012,366612.8948603149,HH20,individual,sample_3
1959.9748831850584,368382.4541211887,HH20,individual,sample_3
1985.1027663028156,368999.0585213656,HH20,individual,sample_3
2010.2306494205727,365737.54202647135,HH20,individual,sample_3
2035.3585325383297,362476.0255315772,HH20,individual,sample_3
2060.486415656087,359214.50903668295,HH20,individual,sample_3
2085.614298773844,355138.5736160478,HH20,individual,sample_3
2110.7421818916014,342104.0300122633,HH20,individual,sample_3
2135.8700650093583,329069.486408479,HH20,individual,sample_3
2160.9979481271157,316034.9428046945,HH20,individual,sample_3
2186.1258312448726,303000.39920091024,HH20,individual,sample_3
2211.25371436263,285409.41619155934,HH20,individual,sample_3
2236.381597480387,267514.67055517103,HH20,individual,sample_3
2261.5094805981444,249619.92491878243,HH20,individual,sample_3
2286.6373637159013,231725.17928239412,HH20,individual,sample_3
2311.7652468336587,215166.3423920426,HH20,individual,sample_3
2336.8931299514156,198959.06043485898,HH20,individual,sample_3
2362.021013069173,182751.77847767508,HH20,individual,sample_3
2387.14889618693,166544.49652049146,HH20,individual,sample_3
2412.276779304687,154484.9500654961,HH20,individual,sample_3
2437.4046624224443,144699.9682407327,HH20,individual,sample_3
2462.532545540201,134914.98641596953,HH20,individual,sample_3
2487.6604286579586,125130.00459120615,HH20,individual,sample_3
2512.7883117757156,122497.63294679654,HH20,individual,sample_3
2537.916194893473,127017.8714827406,HH20,individual,sample_3
2563.04407801123,131538.11001868456,HH20,individual,sample_3
2588.1719611289873,136058.3485546286,HH20,individual,sample_3
2613.299844246744,146805.08481394398,HH20,individual,sample_3
2638.4277273645016,168906.02280411293,HH20,individual,sample_3
2663.5556104822585,191006.9607942815,HH20,individual,sample_3
2688.683493600016,213107.89878445043,HH20,individual,sample_3
2713.811376717773,236581.15956503875,HH20,individual,sample_3
2738.9392598355303,265269.2469492226,HH20,individual,sample_3
2764.067142953287,293957.33433340583,HH20,individual,sample_3
2789.1950260710446,322645.4217175896,HH20,individual,sample_3
2814.3229091888015,351189.1627006928,HH20,individual,sample_3
2839.450792306559,377567.70766759437,HH20,individual,sample_3
2864.578675424316,403946.2526344955,HH20,individual,sample_3
2889.7065585420733,430324.7976013971,HH20,individual,sample_3
2914.83444165983,456703.3425682982,HH20,individual,sample_3
2939.9623247775876,475763.9595447815,HH20,individual,sample_3
2965.0902078953445,494159.31034031726,HH20,individual,sample_3
2990.218091013102,512554.66113585344,HH20,individual,sample_3
3015.345974130859,530950.0119313892,HH20,individual,sample_3
3040.4738572486162,540658.9180624796,HH20,individual,sample_3
3065.601740366373,547785.3676717079,HH20,individual,sample_3
3090.7296234841306,554911.8172809362,HH20,individual,sample_3
3115.8575066018875,562038.2668901645,HH20,individual,sample_3
3140.985389719645,562111.8987540553,HH20,individual,sample_3
3166.113272837402,557953.839970744,HH20,individual,sample_3
3191.2411559551592,553795.7811874326,HH20,individual,sample_3
3216.369039072916,549637.7224041212,HH20,individual,sample_3
3241.496922190673,542034.9802330331,HH20,individual,sample_3
3266.6248053084305,530688.0169882744,HH20,individual,sample_3
3291.7526884261874,519341.053743516,HH20,individual,sample_3
3316.880571543945,507994.0904987573,HH20,individual,sample_3
3342.0084546617018,495484.39923377696,HH20,individual,sample_3
3367.136337779459,480649.2519283526,HH20,individual,sample_3
3392.264220897216,465814.1046229284,HH20,individual,sample_3
3417.3921040149735,450978.95731750404,HH20,individual,sample_3
3442.5199871327304,435747.0425756773,HH20,individual,sample_3
3467.647870250488,418795.8022761054,HH20,individual,sample_3
3492.7757533682448,401844.5619765338,HH20,individual,sample_3
3517.903636486002,384893.32167696184,HH20,individual,sample_3
3543.031519603759,368035.70649469283,HH20,individual,sample_3
3568.1594027215165,353331.4690103817,HH20,individual,sample_3
3593.2872858392734,338627.23152607086,HH20,individual,sample_3
3618.415168957031,323922.9940417597,HH20,individual,sample_3
3643.5430520747877,309218.7565574488,HH20,individual,sample_3
3668.670935192545,301786.21439563745,HH20,individual,sample_3
3693.798818310302,295199.2182015587,HH20,individual,sample_3
3718.9267014280595,288612.22200747975,HH20,individual,sample_3
3744.0545845458164,282025.22581340093,HH20,individual,sample_3
3769.182467663574,282020.39165106067,HH20,individual,sample_3
3794.3103507813307,284209.61149929964,HH20,individual,sample_3
3819.438233899088,286398.8313475387,HH20,individual,sample_3
3844.566117016845,288588.05119577766,HH20,individual,sample_3
3869.6940001346024,293469.14732087875,HH20,individual,sample_3
3894.8218832523594,300113.8865239237,HH20,individual,sample_3
3919.949766370117,306758.6257269688,HH20,individual,sample_3
3945.0776494878737,313403.3649300137,HH20,individual,sample_3
3970.205532605631,321921.0778885655,HH20,individual,sample_3
3995.333415723388,332652.3052854429,HH20,individual,sample_3
4020.4612988411454,343383.5326823205,HH20,individual,sample_3
4045.5891819589024,354114.76007919793,HH20,individual,sample_3
4070.7170650766593,364991.4227187721,HH20,individual,sample_3
4095.8449481944167,376188.0428922793,HH20,individual,sample_3
4120.972831312174,387384.6630657864,HH20,individual,sample_3
4146.100714429931,398581.2832392934,HH20,individual,sample_3
4171.228597547688,409272.8392749717,HH20,individual,sample_3
4196.356480665445,417439.0746215071,HH20,individual,sample_3
4221.484363783203,425605.3099680428,HH20,individual,sample_3
4246.61224690096,433771.5453145782,HH20,individual,sample_3
4271.740130018717,441870.4904556054,HH20,individual,sample_3
4296.868013136474,446806.79593774735,HH20,individual,sample_3
4321.995896254231,451743.1014198894,HH20,individual,sample_3
4347.123779371988,456679.4069020314,HH20,individual,sample_3
4372.251662489745,461615.7123841733,HH20,individual,sample_3
4397.379545607502,467275.0467974291,HH20,individual,sample_3
4422.50742872526,473037.6710579871,HH20,individual,sample_3
4447.635311843017,478800.2953185449,HH20,individual,sample_3
4472.763194960774,484562.91957910266,HH20,individual,sample_3
4497.891078078531,490691.6214062111,HH20,individual,sample_3
4523.018961196289,496956.2949008957,HH20,individual,sample_3
4548.146844314046,503220.9683955801,HH20,individual,sample_3
4573.274727431803,509485.64189026447,HH20,individual,sample_3
4598.4026105495595,512214.6822275295,HH20,individual,sample_3
4623.530493667317,512418.27030949533,HH20,individual,sample_3
4648.658376785074,512621.8583914612,HH20,individual,sample_3
4673.786259902831,512825.446473427,HH20,individual,sample_3
4698.914143020588,507617.10790822085,HH20,individual,sample_3
4724.042026138346,495450.577939508,HH20,individual,sample_3
4749.169909256103,483284.04797079565,HH20,individual,sample_3
4774.29779237386,471117.5180020833,HH20,individual,sample_3
4799.425675491617,454727.900390178,HH20,individual,sample_3
4824.553558609374,428082.21278766234,HH20,individual,sample_3
4849.681441727132,401436.5251851457,HH20,individual,sample_3
4874.809324844889,374790.83758263005,HH20,individual,sample_3
4899.9372079626455,344685.9256969963,HH20,individual,sample_3
4925.065091080402,294319.8430102438,HH20,individual,sample_3
4950.19297419816,243953.7603234895,HH20,individual,sample_3
4975.320857315917,193587.67763673697,HH20,individual,sample_3
5000.448740433674,143221.59494998446,HH20,individual,sample_3
0.0,8947.121463248164,HH20,mean,mean
25.127883117757158,13071.16740565036,HH20,mean,mean
50.255766235514315,17195.21334805255,HH20,mean,mean
75.38364935327147,21319.25929045475,HH20,mean,mean
100.51153247102863,25464.94226943877,HH20,mean,mean
125.6394155887858,28587.25602183982,HH20,mean,mean
150.76729870654293,31559.09714177918,HH20,mean,mean
175.8951818243001,34530.93826171855,HH20,mean,mean
201.02306494205726,37488.88235669914,HH20,mean,mean
226.15094805981443,40541.23011146679,HH20,mean,mean
251.2788311775716,43642.381768023435,HH20,mean,mean
276.40671429532875,46746.50973792664,HH20,mean,mean
301.53459741308586,50062.955700855266,HH20,mean,mean
326.662480530843,53745.38022678137,HH20,mean,mean
351.7903636486002,57625.80137516956,HH20,mean,mean
376.91824676635736,61573.3735729431,HH20,mean,mean
402.0461298841145,65742.76598761656,HH20,mean,mean
427.1740130018717,70118.72375844355,HH20,mean,mean
452.30189611962885,74693.97210431313,HH20,mean,mean
477.429779237386,79247.88828589191,HH20,mean,mean
502.5576623551432,83879.92061777684,HH20,mean,mean
527.6855454729003,88581.18442622275,HH20,mean,mean
552.8134285906575,93450.95700263965,HH20,mean,mean
577.9413117084147,98277.33496919837,HH20,mean,mean
603.0691948261717,103120.44850215173,HH20,mean,mean
628.1970779439289,107970.55336570142,HH20,mean,mean
653.324961061686,112918.84510229068,HH20,mean,mean
678.4528441794432,117864.82483034671,HH20,mean,mean
703.5807272972004,122691.52259350797,HH20,mean,mean
728.7086104149575,127510.64110595963,HH20,mean,mean
753.8364935327147,132101.07808440106,HH20,mean,mean
778.9643766504719,136658.83986085517,HH20,mean,mean
804.092259768229,141206.703873283,HH20,mean,mean
829.2201428859862,145760.58676397568,HH20,mean,mean
854.3480260037434,149961.61792245746,HH20,mean,mean
879.4759091215005,154056.1247686483,HH20,mean,mean
904.6037922392577,158208.58237569183,HH20,mean,mean
929.7316753570149,162350.9809798361,HH20,mean,mean
954.859558474772,166251.92648847136,HH20,mean,mean
979.9874415925292,170097.91114170075,HH20,mean,mean
1005.1153247102864,174182.05892011785,HH20,mean,mean
1030.2432078280435,178211.72961332806,HH20,mean,mean
1055.3710909458007,182102.63726882212,HH20,mean,mean
1080.4989740635579,186023.88617892592,HH20,mean,mean
1105.626857181315,190180.1891004123,HH20,mean,mean
1130.7547402990722,194238.0321678127,HH20,mean,mean
1155.8826234168293,198227.21876663508,HH20,mean,mean
1181.0105065345865,202121.51241985167,HH20,mean,mean
1206.1383896523434,206038.37167825305,HH20,mean,mean
1231.2662727701006,209823.42825851435,HH20,mean,mean
1256.3941558878578,213552.4793248254,HH20,mean,mean
1281.522039005615,217227.00008644135,HH20,mean,mean
1306.649922123372,220670.98614293546,HH20,mean,mean
1331.7778052411293,224036.8983578839,HH20,mean,mean
1356.9056883588864,227315.84709568997,HH20,mean,mean
1382.0335714766436,230473.80826637548,HH20,mean,mean
1407.1614545944008,232801.6642544968,HH20,mean,mean
1432.289337712158,235129.52024261816,HH20,mean,mean
1457.417220829915,237390.1058692747,HH20,mean,mean
1482.5451039476723,239794.53344570627,HH20,mean,mean
1507.6729870654294,242475.926749266,HH20,mean,mean
1532.8008701831866,245157.32005282567,HH20,mean,mean
1557.9287533009438,247641.03437789687,HH20,mean,mean
1583.056636418701,250151.4757188965,HH20,mean,mean
1608.184519536458,252577.4611590936,HH20,mean,mean
1633.3124026542152,254976.55733672413,HH20,mean,mean
1658.4402857719724,257266.64582704726,HH20,mean,mean
1683.5681688897296,259135.276320602,HH20,mean,mean
1708.6960520074867,260763.57690464554,HH20,mean,mean
1733.823935125244,262398.1704601825,HH20,mean,mean
1758.951818243001,263882.53510211396,HH20,mean,mean
1784.0797013607582,264572.8178812922,HH20,mean,mean
1809.2075844785154,265145.1283860903,HH20,mean,mean
1834.3354675962726,265749.32846323727,HH20,mean,mean
1859.4633507140297,265744.5393625403,HH20,mean,mean
1884.591233831787,265309.17134347087,HH20,mean,mean
1909.719116949544,264942.23690530425,HH20,mean,mean
1934.8470000673012,264246.0077446775,HH20,mean,mean
1959.9748831850584,262469.3262946092,HH20,mean,mean
1985.1027663028156,260739.36590885185,HH20,mean,mean
2010.2306494205727,258039.87529932673,HH20,mean,mean
2035.3585325383297,253250.82817998983,HH20,mean,mean
2060.486415656087,247217.39270550868,HH20,mean,mean
2085.614298773844,241190.56380029547,HH20,mean,mean
2110.7421818916014,232829.7575526081,HH20,mean,mean
2135.8700650093583,223258.23182672792,HH20,mean,mean
2160.9979481271157,213406.9598540701,HH20,mean,mean
2186.1258312448726,202838.63499955504,HH20,mean,mean
2211.25371436263,191253.54870690912,HH20,mean,mean
2236.381597480387,180360.9331536662,HH20,mean,mean
2261.5094805981444,169032.46570800987,HH20,mean,mean
2286.6373637159013,156977.9248268566,HH20,mean,mean
2311.7652468336587,147516.20603364156,HH20,mean,mean
2336.8931299514156,140140.67110272602,HH20,mean,mean
2362.021013069173,132521.66641173913,HH20,mean,mean
2387.14889618693,124637.18248425532,HH20,mean,mean
2412.276779304687,121882.49700895349,HH20,mean,mean
2437.4046624224443,120703.58776652085,HH20,mean,mean
2462.532545540201,120192.6079355074,HH20,mean,mean
2487.6604286579586,120205.15194058952,HH20,mean,mean
2512.7883117757156,123885.43991018234,HH20,mean,mean
2537.916194893473,129739.79793290552,HH20,mean,mean
2563.04407801123,137185.1448988354,HH20,mean,mean
2588.1719611289873,144651.67452242353,HH20,mean,mean
2613.299844246744,156472.42786444724,HH20,mean,mean
2638.4277273645016,171131.73163918452,HH20,mean,mean
2663.5556104822585,187866.82959029096,HH20,mean,mean
2688.683493600016,203746.3182607278,HH20,mean,mean
2713.811376717773,219851.28716551056,HH20,mean,mean
2738.9392598355303,237259.9627211924,HH20,mean,mean
2764.067142953287,255590.515814968,HH20,mean,mean
2789.1950260710446,272499.90718755464,HH20,mean,mean
2814.3229091888015,288559.51104630297,HH20,mean,mean
2839.450792306559,304077.8159010011,HH20,mean,mean
2864.578675424316,318005.8608056971,HH20,mean,mean
2889.7065585420733,330304.52899163996,HH20,mean,mean
2914.83444165983,341755.56190674833,HH20,mean,mean
2939.9623247775876,351175.2686012257,HH20,mean,mean
2965.0902078953445,357491.14113188814,HH20,mean,mean
2990.218091013102,362067.7785825537,HH20,mean,mean
3015.345974130859,366072.7743686596,HH20,mean,mean
3040.4738572486162,367148.62711196754,HH20,mean,mean
3065.601740366373,364917.71967396594,HH20,mean,mean
3090.7296234841306,360994.7463258791,HH20,mean,mean
3115.8575066018875,356943.6216233373,HH20,mean,mean
3140.985389719645,350037.1352731922,HH20,mean,mean
3166.113272837402,340199.92391131015,HH20,mean,mean
3191.2411559551592,329679.8169544192,HH20,mean,mean
3216.369039072916,319159.70999752835,HH20,mean,mean
3241.496922190673,308087.18677821464,HH20,mean,mean
3266.6248053084305,295934.8151594524,HH20,mean,mean
3291.7526884261874,284061.2708809661,HH20,mean,mean
3316.880571543945,272353.6404158822,HH20,mean,mean
3342.0084546617018,261259.88674096836,HH20,mean,mean
3367.136337779459,250811.50428522978,HH20,mean,mean
3392.264220897216,241135.51482191353,HH20,mean,mean
3417.3921040149735,232296.52736493188,HH20,mean,mean
3442.5199871327304,224938.96891952504,HH20,mean,mean
3467.647870250488,218918.65105614119,HH20,mean,mean
3492.7757533682448,213421.50708590366,HH20,mean,mean
3517.903636486002,209335.0945477135,HH20,mean,mean
3543.031519603759,206650.73467372314,HH20,mean,mean
3568.1594027215165,205966.20431368775,HH20,mean,mean
3593.2872858392734,205466.6983265921,HH20,mean,mean
3618.415168957031,205027.26088569494,HH20,mean,mean
3643.5430520747877,205836.9663258561,HH20,mean,mean
3668.670935192545,209222.3466812601,HH20,mean,mean
3693.798818310302,212336.0078043473,HH20,mean,mean
3718.9267014280595,215210.04644751223,HH20,mean,mean
3744.0545845458164,217792.3106735674,HH20,mean,mean
3769.182467663574,221806.26915283082,HH20,mean,mean
3794.3103507813307,225878.529286214,HH20,mean,mean
3819.438233899088,229931.70766459318,HH20,mean,mean
3844.566117016845,233231.0185689677,HH20,mean,mean
3869.6940001346024,236925.81969408685,HH20,mean,mean
3894.8218832523594,240749.18320888482,HH20,mean,mean
3919.949766370117,244502.27522613067,HH20,mean,mean
3945.0776494878737,247659.47508394567,HH20,mean,mean
3970.205532605631,251513.21320017407,HH20,mean,mean
3995.333415723388,256059.38031564862,HH20,mean,mean
4020.4612988411454,260549.41992629872,HH20,mean,mean
4045.5891819589024,264872.67463962117,HH20,mean,mean
4070.7170650766593,270316.7490788045,HH20,mean,mean
4095.8449481944167,275840.8129014712,HH20,mean,mean
4120.972831312174,281426.5699618184,HH20,mean,mean
4146.100714429931,287354.0129650306,HH20,mean,mean
4171.228597547688,292863.5121116222,HH20,mean,mean
4196.356480665445,297741.681085928,HH20,mean,mean
4221.484363783203,302860.4050204675,HH20,mean,mean
4246.61224690096,306877.3226222382,HH20,mean,mean
4271.740130018717,310307.3692531911,HH20,mean,mean
4296.868013136474,312946.75596942275,HH20,mean,mean
4321.995896254231,314748.55587688886,HH20,mean,mean
4347.123779371988,312587.40116575087,HH20,mean,mean
4372.251662489745,310426.2464546128,HH20,mean,mean
4397.379545607502,308445.8489762533,HH20,mean,mean
4422.50742872526,305704.14836299646,HH20,mean,mean
4447.635311843017,304084.9319666675,HH20,mean,mean
4472.763194960774,302465.71557033854,HH20,mean,mean
4497.891078078531,300938.0185656472,HH20,mean,mean
4523.018961196289,291445.7543287557,HH20,mean,mean
4548.146844314046,278906.8478021801,HH20,mean,mean
4573.274727431803,266367.94127560453,HH20,mean,mean
4598.4026105495595,252945.12645967404,HH20,mean,mean
4623.530493667317,240710.9698950902,HH20,mean,mean
4648.658376785074,228372.61687737633,HH20,mean,mean
4673.786259902831,216034.2638596625,HH20,mean,mean
4698.914143020588,202342.92918015562,HH20,mean,mean
4724.042026138346,198765.5241282735,HH20,mean,mean
4749.169909256103,195723.89163609542,HH20,mean,mean
4774.29779237386,192682.25914391733,HH20,mean,mean
4799.425675491617,188584.85474094102,HH20,mean,mean
4824.553558609374,181923.43284031207,HH20,mean,mean
4849.681441727132,175262.01093968295,HH20,mean,mean
4874.809324844889,168600.589039054,HH20,mean,mean
4899.9372079626455,161074.36106764557,HH20,mean,mean
4925.065091080402,148482.84039595746,HH20,mean,mean
4950.19297419816,135891.31972426886,HH20,mean,mean
4975.320857315917,123299.79905258075,HH20,mean,mean
5000.448740433674,110708.27838089262,HH20,mean,mean
